Record Length,2500,0,0,-3.6
Sample Interval,0.0004,0.0004,0.4,-3.6
Trigger Point,0,0.0008,0.8,-4
,,0.0012,1.2,-3.6
,,0.0016,1.6,-4
,,0.002,2,-4
Source,CH1,0.0024,2.4,-4
Vertical Units,V,0.0028,2.8,-4
Vertical Scale,10,0.0032,3.2,-4
Vertical Offset,1.2,0.0036,3.6,-4
Horizontal Units,s,0.004,4,-3.6
Horizontal Scale,0.1,0.0044,4.4,-4
Pt Fmt,Y,0.0048,4.8,-3.2
Yzero,0,0.0052,5.2,-3.2
Probe Atten,10,0.0056,5.6,-3.2
Model Number,TDS2012C,0.006,6,-2.8
Serial Number,C023723,0.0064,6.4,-2.4
Firmware Version,FV:v24.18,0.0068,6.8,-2.8
,,0.0072,7.2,-2.8
,,0.0076,7.6,-2.4
,,0.008,8,-2
,,0.0084,8.4,-2
,,0.0088,8.8,-2
,,0.0092,9.2,-1.6
,,0.0096,9.6,-1.6
,,0.01,10,-1.6
,,0.0104,10.4,-1.6
,,0.0108,10.8,-1.2
,,0.0112,11.2,-1.2
,,0.0116,11.6,-1.6
,,0.012,12,-1.2
,,0.0124,12.4,-0.8
,,0.0128,12.8,-0.8
,,0.0132,13.2,-0.8
,,0.0136,13.6,-0.8
,,0.014,14,-0.4
,,0.0144,14.4,-0.4
,,0.0148,14.8,-0.4
,,0.0152,15.2,-0.4
,,0.0156,15.6,0
,,0.016,16,0
,,0.0164,16.4,0
,,0.0168,16.8,-0.4
,,0.0172,17.2,0.4
,,0.0176,17.6,0.4
,,0.018,18,0.4
,,0.0184,18.4,0.4
,,0.0188,18.8,0.4
,,0.0192,19.2,0.4
,,0.0196,19.6,0.4
,,0.02,20,0.4
,,0.0204,20.4,0.8
,,0.0208,20.8,0.8
,,0.0212,21.2,0.8
,,0.0216,21.6,1.2
,,0.022,22,1.2
,,0.0224,22.4,1.2
,,0.0228,22.8,1.2
,,0.0232,23.2,1.2
,,0.0236,23.6,1.2
,,0.024,24,1.2
,,0.0244,24.4,1.2
,,0.0248,24.8,1.6
,,0.0252,25.2,1.6
,,0.0256,25.6,1.6
,,0.026,26,1.6
,,0.0264,26.4,1.6
,,0.0268,26.8,1.6
,,0.0272,27.2,2
,,0.0276,27.6,1.6
,,0.028,28,2
,,0.0284,28.4,2
,,0.0288,28.8,2
,,0.0292,29.2,2
,,0.0296,29.6,2
,,0.03,30,2
,,0.0304,30.4,2
,,0.0308,30.8,2
,,0.0312,31.2,2.4
,,0.0316,31.6,2
,,0.032,32,2
,,0.0324,32.4,2.4
,,0.0328,32.8,2.4
,,0.0332,33.2,2.8
,,0.0336,33.6,2.4
,,0.034,34,2.4
,,0.0344,34.4,2.4
,,0.0348,34.8,2.4
,,0.0352,35.2,2.4
,,0.0356,35.6,2.4
,,0.036,36,2.8
,,0.0364,36.4,2.4
,,0.0368,36.8,2.4
,,0.0372,37.2,2.8
,,0.0376,37.6,2.8
,,0.038,38,2.8
,,0.0384,38.4,2.8
,,0.0388,38.8,2.8
,,0.0392,39.2,2.8
,,0.0396,39.6,2.8
,,0.04,40,2.8
,,0.0404,40.4,2.8
,,0.0408,40.8,2.8
,,0.0412,41.2,2.8
,,0.0416,41.6,2.8
,,0.042,42,2.8
,,0.0424,42.4,2.8
,,0.0428,42.8,2.8
,,0.0432,43.2,2.8
,,0.0436,43.6,2.8
,,0.044,44,2.8
,,0.0444,44.4,2.8
,,0.0448,44.8,2.8
,,0.0452,45.2,3.2
,,0.0456,45.6,3.2
,,0.046,46,3.2
,,0.0464,46.4,2.8
,,0.0468,46.8,3.2
,,0.0472,47.2,2.8
,,0.0476,47.6,2.8
,,0.048,48,2.8
,,0.0484,48.4,3.2
,,0.0488,48.8,2.8
,,0.0492,49.2,2.8
,,0.0496,49.6,2.8
,,0.05,50,3.2
,,0.0504,50.4,3.2
,,0.0508,50.8,3.2
,,0.0512,51.2,2.8
,,0.0516,51.6,3.2
,,0.052,52,3.2
,,0.0524,52.4,3.2
,,0.0528,52.8,3.2
,,0.0532,53.2,3.2
,,0.0536,53.6,3.2
,,0.054,54,2.8
,,0.0544,54.4,3.2
,,0.0548,54.8,3.2
,,0.0552,55.2,3.2
,,0.0556,55.6,3.2
,,0.056,56,3.2
,,0.0564,56.4,2.8
,,0.0568,56.8,2.8
,,0.0572,57.2,3.2
,,0.0576,57.6,3.2
,,0.058,58,3.2
,,0.0584,58.4,3.2
,,0.0588,58.8,3.2
,,0.0592,59.2,3.2
,,0.0596,59.6,3.2
,,0.06,60,3.2
,,0.0604,60.4,3.2
,,0.0608,60.8,3.2
,,0.0612,61.2,3.2
,,0.0616,61.6,3.2
,,0.062,62,2.8
,,0.0624,62.4,3.2
,,0.0628,62.8,2.8
,,0.0632,63.2,3.2
,,0.0636,63.6,2.8
,,0.064,64,2.8
,,0.0644,64.4,2.8
,,0.0648,64.8,2.8
,,0.0652,65.2,2.8
,,0.0656,65.6,3.2
,,0.066,66,3.2
,,0.0664,66.4,3.2
,,0.0668,66.8,2.8
,,0.0672,67.2,3.2
,,0.0676,67.6,2.8
,,0.068,68,2.8
,,0.0684,68.4,3.2
,,0.0688,68.8,3.2
,,0.0692,69.2,2.8
,,0.0696,69.6,2.8
,,0.07,70,2.8
,,0.0704,70.4,3.2
,,0.0708,70.8,2.8
,,0.0712,71.2,2.8
,,0.0716,71.6,2.8
,,0.072,72,2.8
,,0.0724,72.4,2.8
,,0.0728,72.8,2.8
,,0.0732,73.2,2.8
,,0.0736,73.6,2.8
,,0.074,74,2.8
,,0.0744,74.4,2.4
,,0.0748,74.8,2.8
,,0.0752,75.2,2.8
,,0.0756,75.6,2.4
,,0.076,76,2.8
,,0.0764,76.4,2.8
,,0.0768,76.8,2.8
,,0.0772,77.2,2.4
,,0.0776,77.6,2.4
,,0.078,78,2.8
,,0.0784,78.4,2.4
,,0.0788,78.8,2.8
,,0.0792,79.2,2.4
,,0.0796,79.6,2.4
,,0.08,80,2.4
,,0.0804,80.4,2.4
,,0.0808,80.8,2.8
,,0.0812,81.2,2.4
,,0.0816,81.6,2.4
,,0.082,82,2
,,0.0824,82.4,2
,,0.0828,82.8,2.4
,,0.0832,83.2,2.4
,,0.0836,83.6,2
,,0.084,84,2
,,0.0844,84.4,2.4
,,0.0848,84.8,2.4
,,0.0852,85.2,2.4
,,0.0856,85.6,2
,,0.086,86,2
,,0.0864,86.4,2.4
,,0.0868,86.8,2
,,0.0872,87.2,2.4
,,0.0876,87.6,2
,,0.088,88,2
,,0.0884,88.4,2.4
,,0.0888,88.8,2.4
,,0.0892,89.2,2
,,0.0896,89.6,2
,,0.09,90,2
,,0.0904,90.4,2
,,0.0908,90.8,2
,,0.0912,91.2,2
,,0.0916,91.6,2
,,0.092,92,2
,,0.0924,92.4,1.6
,,0.0928,92.8,1.6
,,0.0932,93.2,1.6
,,0.0936,93.6,1.6
,,0.094,94,2
,,0.0944,94.4,1.6
,,0.0948,94.8,1.6
,,0.0952,95.2,1.6
,,0.0956,95.6,1.6
,,0.096,96,1.6
,,0.0964,96.4,1.6
,,0.0968,96.8,2
,,0.0972,97.2,1.6
,,0.0976,97.6,1.6
,,0.098,98,1.6
,,0.0984,98.4,1.6
,,0.0988,98.8,1.6
,,0.0992,99.2,1.6
,,0.0996,99.6,1.2
,,0.1,100,1.2
,,0.1004,100.4,1.2
,,0.1008,100.8,1.2
,,0.1012,101.2,1.2
,,0.1016,101.6,1.2
,,0.102,102,1.6
,,0.1024,102.4,1.2
,,0.1028,102.8,1.2
,,0.1032,103.2,1.2
,,0.1036,103.6,1.2
,,0.104,104,1.2
,,0.1044,104.4,1.2
,,0.1048,104.8,1.2
,,0.1052,105.2,1.2
,,0.1056,105.6,0.8
,,0.106,106,0.8
,,0.1064,106.4,0.8
,,0.1068,106.8,1.2
,,0.1072,107.2,1.2
,,0.1076,107.6,0.8
,,0.108,108,0.8
,,0.1084,108.4,0.8
,,0.1088,108.8,0.8
,,0.1092,109.2,0.8
,,0.1096,109.6,0.8
,,0.11,110,0.8
,,0.1104,110.4,0.8
,,0.1108,110.8,0.8
,,0.1112,111.2,0.8
,,0.1116,111.6,0.8
,,0.112,112,0.8
,,0.1124,112.4,0.8
,,0.1128,112.8,0.4
,,0.1132,113.2,0.8
,,0.1136,113.6,0.4
,,0.114,114,0.4
,,0.1144,114.4,0.8
,,0.1148,114.8,0.8
,,0.1152,115.2,0.8
,,0.1156,115.6,0.4
,,0.116,116,0.4
,,0.1164,116.4,0.4
,,0.1168,116.8,0.4
,,0.1172,117.2,0.4
,,0.1176,117.6,0.4
,,0.118,118,0.4
,,0.1184,118.4,0.4
,,0.1188,118.8,0.4
,,0.1192,119.2,0.4
,,0.1196,119.6,0.4
,,0.12,120,0.4
,,0.1204,120.4,0
,,0.1208,120.8,0.4
,,0.1212,121.2,0.4
,,0.1216,121.6,0.4
,,0.122,122,0
,,0.1224,122.4,0.4
,,0.1228,122.8,0
,,0.1232,123.2,0
,,0.1236,123.6,0
,,0.124,124,0
,,0.1244,124.4,0
,,0.1248,124.8,0
,,0.1252,125.2,0
,,0.1256,125.6,0
,,0.126,126,0
,,0.1264,126.4,-0.4
,,0.1268,126.8,-0.4
,,0.1272,127.2,0
,,0.1276,127.6,0
,,0.128,128,-0.4
,,0.1284,128.4,-0.4
,,0.1288,128.8,0
,,0.1292,129.2,-0.4
,,0.1296,129.6,-0.4
,,0.13,130,-0.4
,,0.1304,130.4,-0.4
,,0.1308,130.8,-0.4
,,0.1312,131.2,-0.4
,,0.1316,131.6,-0.4
,,0.132,132,-0.4
,,0.1324,132.4,-0.4
,,0.1328,132.8,-0.4
,,0.1332,133.2,-0.8
,,0.1336,133.6,-0.4
,,0.134,134,-0.8
,,0.1344,134.4,-0.8
,,0.1348,134.8,-0.4
,,0.1352,135.2,-0.8
,,0.1356,135.6,-0.8
,,0.136,136,-0.8
,,0.1364,136.4,-0.8
,,0.1368,136.8,-0.8
,,0.1372,137.2,-1.2
,,0.1376,137.6,-0.8
,,0.138,138,-1.2
,,0.1384,138.4,-0.8
,,0.1388,138.8,-0.8
,,0.1392,139.2,-1.2
,,0.1396,139.6,-1.2
,,0.14,140,-1.2
,,0.1404,140.4,-1.2
,,0.1408,140.8,-1.2
,,0.1412,141.2,-1.2
,,0.1416,141.6,-1.2
,,0.142,142,-1.6
,,0.1424,142.4,-1.2
,,0.1428,142.8,-1.2
,,0.1432,143.2,-1.2
,,0.1436,143.6,-1.2
,,0.144,144,-1.2
,,0.1444,144.4,-1.2
,,0.1448,144.8,-1.2
,,0.1452,145.2,-1.6
,,0.1456,145.6,-1.6
,,0.146,146,-1.2
,,0.1464,146.4,-1.6
,,0.1468,146.8,-1.2
,,0.1472,147.2,-1.2
,,0.1476,147.6,-1.6
,,0.148,148,-1.2
,,0.1484,148.4,-1.6
,,0.1488,148.8,-1.6
,,0.1492,149.2,-1.6
,,0.1496,149.6,-1.2
,,0.15,150,-1.6
,,0.1504,150.4,-1.6
,,0.1508,150.8,-1.6
,,0.1512,151.2,-1.2
,,0.1516,151.6,-1.6
,,0.152,152,-1.6
,,0.1524,152.4,-2
,,0.1528,152.8,-1.6
,,0.1532,153.2,-2
,,0.1536,153.6,-1.6
,,0.154,154,-2
,,0.1544,154.4,-1.6
,,0.1548,154.8,-2
,,0.1552,155.2,-2
,,0.1556,155.6,-1.6
,,0.156,156,-2
,,0.1564,156.4,-2
,,0.1568,156.8,-2
,,0.1572,157.2,-2
,,0.1576,157.6,-2
,,0.158,158,-2
,,0.1584,158.4,-2
,,0.1588,158.8,-2
,,0.1592,159.2,-2
,,0.1596,159.6,-2.4
,,0.16,160,-2
,,0.1604,160.4,-2
,,0.1608,160.8,-2.4
,,0.1612,161.2,-2.4
,,0.1616,161.6,-2
,,0.162,162,-2
,,0.1624,162.4,-2.4
,,0.1628,162.8,-2
,,0.1632,163.2,-2.4
,,0.1636,163.6,-2.4
,,0.164,164,-2.4
,,0.1644,164.4,-2.4
,,0.1648,164.8,-2.4
,,0.1652,165.2,-2
,,0.1656,165.6,-2.4
,,0.166,166,-2.4
,,0.1664,166.4,-2.4
,,0.1668,166.8,-2.4
,,0.1672,167.2,-2.4
,,0.1676,167.6,-2.4
,,0.168,168,-2.4
,,0.1684,168.4,-2.4
,,0.1688,168.8,-2.8
,,0.1692,169.2,-2.4
,,0.1696,169.6,-2.4
,,0.17,170,-2.4
,,0.1704,170.4,-2.8
,,0.1708,170.8,-2.4
,,0.1712,171.2,-2.4
,,0.1716,171.6,-2.8
,,0.172,172,-2.8
,,0.1724,172.4,-2.4
,,0.1728,172.8,-2.8
,,0.1732,173.2,-2.4
,,0.1736,173.6,-2.8
,,0.174,174,-2.8
,,0.1744,174.4,-2.8
,,0.1748,174.8,-2.8
,,0.1752,175.2,-2.8
,,0.1756,175.6,-2.8
,,0.176,176,-3.2
,,0.1764,176.4,-2.8
,,0.1768,176.8,-3.2
,,0.1772,177.2,-2.8
,,0.1776,177.6,-2.8
,,0.178,178,-3.2
,,0.1784,178.4,-3.2
,,0.1788,178.8,-2.8
,,0.1792,179.2,-2.8
,,0.1796,179.6,-3.2
,,0.18,180,-3.2
,,0.1804,180.4,-3.2
,,0.1808,180.8,-2.8
,,0.1812,181.2,-3.2
,,0.1816,181.6,-3.2
,,0.182,182,-2.8
,,0.1824,182.4,-2.8
,,0.1828,182.8,-3.2
,,0.1832,183.2,-3.2
,,0.1836,183.6,-3.2
,,0.184,184,-3.2
,,0.1844,184.4,-3.2
,,0.1848,184.8,-3.2
,,0.1852,185.2,-2.8
,,0.1856,185.6,-3.2
,,0.186,186,-3.2
,,0.1864,186.4,-3.2
,,0.1868,186.8,-3.2
,,0.1872,187.2,-3.2
,,0.1876,187.6,-3.6
,,0.188,188,-3.2
,,0.1884,188.4,-3.2
,,0.1888,188.8,-3.6
,,0.1892,189.2,-3.2
,,0.1896,189.6,-3.6
,,0.19,190,-3.2
,,0.1904,190.4,-3.6
,,0.1908,190.8,-3.6
,,0.1912,191.2,-3.6
,,0.1916,191.6,-3.6
,,0.192,192,-3.6
,,0.1924,192.4,-4
,,0.1928,192.8,-3.6
,,0.1932,193.2,-3.6
,,0.1936,193.6,-4
,,0.194,194,-3.6
,,0.1944,194.4,-3.2
,,0.1948,194.8,-3.2
,,0.1952,195.2,-4
,,0.1956,195.6,-3.6
,,0.196,196,-3.6
,,0.1964,196.4,-3.6
,,0.1968,196.8,-4
,,0.1972,197.2,-3.6
,,0.1976,197.6,-4
,,0.198,198,-3.6
,,0.1984,198.4,-3.6
,,0.1988,198.8,-4
,,0.1992,199.2,-3.6
,,0.1996,199.6,-3.6
,,0.2,200,-4
,,0.2004,200.4,-4
,,0.2008,200.8,-4
,,0.2012,201.2,-3.6
,,0.2016,201.6,-4
,,0.202,202,-3.6
,,0.2024,202.4,-4
,,0.2028,202.8,-3.6
,,0.2032,203.2,-4
,,0.2036,203.6,-4
,,0.204,204,-3.6
,,0.2044,204.4,-3.6
,,0.2048,204.8,-3.2
,,0.2052,205.2,-3.2
,,0.2056,205.6,-3.2
,,0.206,206,-2.8
,,0.2064,206.4,-2.8
,,0.2068,206.8,-2.8
,,0.2072,207.2,-2.8
,,0.2076,207.6,-2.4
,,0.208,208,-2.4
,,0.2084,208.4,-2
,,0.2088,208.8,-2
,,0.2092,209.2,-1.6
,,0.2096,209.6,-1.6
,,0.21,210,-1.2
,,0.2104,210.4,-1.6
,,0.2108,210.8,-1.2
,,0.2112,211.2,-1.6
,,0.2116,211.6,-1.2
,,0.212,212,-1.2
,,0.2124,212.4,-0.8
,,0.2128,212.8,-0.8
,,0.2132,213.2,-0.8
,,0.2136,213.6,-0.8
,,0.214,214,-0.4
,,0.2144,214.4,-0.4
,,0.2148,214.8,-0.4
,,0.2152,215.2,-0.4
,,0.2156,215.6,0
,,0.216,216,0
,,0.2164,216.4,0
,,0.2168,216.8,0
,,0.2172,217.2,0
,,0.2176,217.6,0.4
,,0.218,218,0.4
,,0.2184,218.4,0.4
,,0.2188,218.8,0.4
,,0.2192,219.2,0.4
,,0.2196,219.6,0.4
,,0.22,220,0.4
,,0.2204,220.4,0.8
,,0.2208,220.8,0.8
,,0.2212,221.2,0.8
,,0.2216,221.6,1.2
,,0.222,222,0.8
,,0.2224,222.4,1.2
,,0.2228,222.8,0.8
,,0.2232,223.2,1.2
,,0.2236,223.6,1.2
,,0.224,224,1.2
,,0.2244,224.4,1.2
,,0.2248,224.8,1.6
,,0.2252,225.2,1.2
,,0.2256,225.6,1.6
,,0.226,226,1.6
,,0.2264,226.4,2
,,0.2268,226.8,1.6
,,0.2272,227.2,1.6
,,0.2276,227.6,1.6
,,0.228,228,2
,,0.2284,228.4,2
,,0.2288,228.8,2
,,0.2292,229.2,1.6
,,0.2296,229.6,2.4
,,0.23,230,2
,,0.2304,230.4,2
,,0.2308,230.8,2
,,0.2312,231.2,2
,,0.2316,231.6,2
,,0.232,232,2.4
,,0.2324,232.4,2
,,0.2328,232.8,2.4
,,0.2332,233.2,2.4
,,0.2336,233.6,2
,,0.234,234,2.4
,,0.2344,234.4,2.8
,,0.2348,234.8,2.4
,,0.2352,235.2,2.4
,,0.2356,235.6,2.4
,,0.236,236,2.8
,,0.2364,236.4,2.4
,,0.2368,236.8,2.4
,,0.2372,237.2,2.8
,,0.2376,237.6,2.8
,,0.238,238,2.8
,,0.2384,238.4,2.4
,,0.2388,238.8,2.8
,,0.2392,239.2,2.8
,,0.2396,239.6,2.8
,,0.24,240,2.8
,,0.2404,240.4,2.8
,,0.2408,240.8,2.8
,,0.2412,241.2,2.8
,,0.2416,241.6,2.8
,,0.242,242,2.8
,,0.2424,242.4,2.8
,,0.2428,242.8,2.8
,,0.2432,243.2,2.8
,,0.2436,243.6,3.2
,,0.244,244,3.2
,,0.2444,244.4,2.8
,,0.2448,244.8,2.8
,,0.2452,245.2,3.2
,,0.2456,245.6,3.2
,,0.246,246,3.2
,,0.2464,246.4,2.8
,,0.2468,246.8,3.2
,,0.2472,247.2,2.8
,,0.2476,247.6,2.8
,,0.248,248,2.8
,,0.2484,248.4,3.2
,,0.2488,248.8,2.8
,,0.2492,249.2,3.2
,,0.2496,249.6,2.8
,,0.25,250,3.2
,,0.2504,250.4,3.2
,,0.2508,250.8,3.2
,,0.2512,251.2,3.2
,,0.2516,251.6,3.2
,,0.252,252,3.6
,,0.2524,252.4,3.2
,,0.2528,252.8,3.2
,,0.2532,253.2,3.2
,,0.2536,253.6,2.8
,,0.254,254,3.2
,,0.2544,254.4,3.2
,,0.2548,254.8,2.8
,,0.2552,255.2,2.8
,,0.2556,255.6,2.8
,,0.256,256,3.2
,,0.2564,256.4,3.2
,,0.2568,256.8,3.2
,,0.2572,257.2,2.8
,,0.2576,257.6,3.2
,,0.258,258,2.8
,,0.2584,258.4,2.8
,,0.2588,258.8,2.8
,,0.2592,259.2,3.2
,,0.2596,259.6,3.2
,,0.26,260,3.2
,,0.2604,260.4,3.2
,,0.2608,260.8,3.2
,,0.2612,261.2,3.2
,,0.2616,261.6,2.8
,,0.262,262,2.8
,,0.2624,262.4,3.2
,,0.2628,262.8,3.2
,,0.2632,263.2,2.8
,,0.2636,263.6,2.8
,,0.264,264,2.8
,,0.2644,264.4,2.8
,,0.2648,264.8,2.8
,,0.2652,265.2,2.8
,,0.2656,265.6,3.2
,,0.266,266,2.8
,,0.2664,266.4,2.8
,,0.2668,266.8,2.8
,,0.2672,267.2,2.8
,,0.2676,267.6,2.8
,,0.268,268,3.2
,,0.2684,268.4,2.8
,,0.2688,268.8,2.8
,,0.2692,269.2,2.8
,,0.2696,269.6,2.8
,,0.27,270,2.8
,,0.2704,270.4,3.2
,,0.2708,270.8,2.8
,,0.2712,271.2,2.8
,,0.2716,271.6,2.8
,,0.272,272,2.8
,,0.2724,272.4,2.8
,,0.2728,272.8,2.8
,,0.2732,273.2,2.8
,,0.2736,273.6,2.8
,,0.274,274,2.8
,,0.2744,274.4,2.8
,,0.2748,274.8,2.8
,,0.2752,275.2,2.4
,,0.2756,275.6,2.4
,,0.276,276,2.8
,,0.2764,276.4,2.8
,,0.2768,276.8,2.8
,,0.2772,277.2,2.4
,,0.2776,277.6,2.4
,,0.278,278,2.4
,,0.2784,278.4,2.8
,,0.2788,278.8,2.4
,,0.2792,279.2,2.4
,,0.2796,279.6,2.4
,,0.28,280,2.4
,,0.2804,280.4,2.4
,,0.2808,280.8,2.4
,,0.2812,281.2,2.4
,,0.2816,281.6,2.4
,,0.282,282,2.4
,,0.2824,282.4,2.4
,,0.2828,282.8,2
,,0.2832,283.2,2.4
,,0.2836,283.6,2.4
,,0.284,284,2.4
,,0.2844,284.4,2.4
,,0.2848,284.8,2.4
,,0.2852,285.2,2
,,0.2856,285.6,2.4
,,0.286,286,2
,,0.2864,286.4,2.4
,,0.2868,286.8,2
,,0.2872,287.2,2.4
,,0.2876,287.6,2
,,0.288,288,2
,,0.2884,288.4,2
,,0.2888,288.8,2
,,0.2892,289.2,2
,,0.2896,289.6,2
,,0.29,290,2
,,0.2904,290.4,2
,,0.2908,290.8,2
,,0.2912,291.2,2
,,0.2916,291.6,2
,,0.292,292,2
,,0.2924,292.4,2
,,0.2928,292.8,1.6
,,0.2932,293.2,1.6
,,0.2936,293.6,2
,,0.294,294,1.6
,,0.2944,294.4,1.6
,,0.2948,294.8,1.6
,,0.2952,295.2,1.6
,,0.2956,295.6,1.6
,,0.296,296,2
,,0.2964,296.4,1.6
,,0.2968,296.8,1.6
,,0.2972,297.2,1.6
,,0.2976,297.6,1.6
,,0.298,298,1.6
,,0.2984,298.4,1.6
,,0.2988,298.8,1.6
,,0.2992,299.2,1.6
,,0.2996,299.6,1.6
,,0.3,300,1.6
,,0.3004,300.4,1.6
,,0.3008,300.8,1.2
,,0.3012,301.2,1.6
,,0.3016,301.6,1.2
,,0.302,302,1.2
,,0.3024,302.4,1.2
,,0.3028,302.8,1.2
,,0.3032,303.2,1.2
,,0.3036,303.6,1.2
,,0.304,304,1.2
,,0.3044,304.4,1.2
,,0.3048,304.8,0.8
,,0.3052,305.2,0.8
,,0.3056,305.6,0.8
,,0.306,306,1.2
,,0.3064,306.4,1.2
,,0.3068,306.8,1.2
,,0.3072,307.2,1.2
,,0.3076,307.6,0.8
,,0.308,308,0.8
,,0.3084,308.4,1.2
,,0.3088,308.8,0.8
,,0.3092,309.2,0.8
,,0.3096,309.6,0.8
,,0.31,310,0.8
,,0.3104,310.4,0.8
,,0.3108,310.8,0.8
,,0.3112,311.2,0.8
,,0.3116,311.6,0.8
,,0.312,312,0.8
,,0.3124,312.4,0.8
,,0.3128,312.8,0.8
,,0.3132,313.2,0.8
,,0.3136,313.6,0.8
,,0.314,314,0.4
,,0.3144,314.4,0.4
,,0.3148,314.8,0.4
,,0.3152,315.2,0.4
,,0.3156,315.6,0.4
,,0.316,316,0.4
,,0.3164,316.4,0.4
,,0.3168,316.8,0.4
,,0.3172,317.2,0.4
,,0.3176,317.6,0.4
,,0.318,318,0.4
,,0.3184,318.4,0.4
,,0.3188,318.8,0.4
,,0.3192,319.2,0.4
,,0.3196,319.6,0.4
,,0.32,320,0.4
,,0.3204,320.4,0.4
,,0.3208,320.8,0.4
,,0.3212,321.2,0.4
,,0.3216,321.6,0
,,0.322,322,0.4
,,0.3224,322.4,0
,,0.3228,322.8,0.4
,,0.3232,323.2,0
,,0.3236,323.6,0
,,0.324,324,0
,,0.3244,324.4,0
,,0.3248,324.8,0
,,0.3252,325.2,0
,,0.3256,325.6,0
,,0.326,326,0
,,0.3264,326.4,0
,,0.3268,326.8,-0.4
,,0.3272,327.2,0
,,0.3276,327.6,0
,,0.328,328,-0.4
,,0.3284,328.4,-0.4
,,0.3288,328.8,-0.4
,,0.3292,329.2,-0.4
,,0.3296,329.6,-0.4
,,0.33,330,-0.4
,,0.3304,330.4,-0.4
,,0.3308,330.8,-0.4
,,0.3312,331.2,-0.8
,,0.3316,331.6,-0.4
,,0.332,332,-0.4
,,0.3324,332.4,-0.4
,,0.3328,332.8,-0.4
,,0.3332,333.2,-0.8
,,0.3336,333.6,-0.8
,,0.334,334,-0.4
,,0.3344,334.4,-0.4
,,0.3348,334.8,-0.8
,,0.3352,335.2,-0.8
,,0.3356,335.6,-0.4
,,0.336,336,-0.8
,,0.3364,336.4,-0.8
,,0.3368,336.8,-0.8
,,0.3372,337.2,-0.8
,,0.3376,337.6,-0.8
,,0.338,338,-0.8
,,0.3384,338.4,-0.8
,,0.3388,338.8,-0.8
,,0.3392,339.2,-0.8
,,0.3396,339.6,-0.8
,,0.34,340,-0.8
,,0.3404,340.4,-1.2
,,0.3408,340.8,-1.2
,,0.3412,341.2,-1.2
,,0.3416,341.6,-0.8
,,0.342,342,-1.2
,,0.3424,342.4,-1.2
,,0.3428,342.8,-1.2
,,0.3432,343.2,-1.2
,,0.3436,343.6,-1.2
,,0.344,344,-1.2
,,0.3444,344.4,-1.2
,,0.3448,344.8,-1.2
,,0.3452,345.2,-1.6
,,0.3456,345.6,-1.6
,,0.346,346,-1.2
,,0.3464,346.4,-1.2
,,0.3468,346.8,-1.6
,,0.3472,347.2,-1.6
,,0.3476,347.6,-1.2
,,0.348,348,-1.6
,,0.3484,348.4,-1.6
,,0.3488,348.8,-1.6
,,0.3492,349.2,-1.6
,,0.3496,349.6,-1.2
,,0.35,350,-1.2
,,0.3504,350.4,-1.6
,,0.3508,350.8,-1.6
,,0.3512,351.2,-1.6
,,0.3516,351.6,-2
,,0.352,352,-2
,,0.3524,352.4,-1.6
,,0.3528,352.8,-1.6
,,0.3532,353.2,-2
,,0.3536,353.6,-1.6
,,0.354,354,-1.6
,,0.3544,354.4,-1.6
,,0.3548,354.8,-2
,,0.3552,355.2,-2
,,0.3556,355.6,-2
,,0.356,356,-2
,,0.3564,356.4,-2
,,0.3568,356.8,-2
,,0.3572,357.2,-2
,,0.3576,357.6,-2
,,0.358,358,-2
,,0.3584,358.4,-2
,,0.3588,358.8,-2
,,0.3592,359.2,-2.4
,,0.3596,359.6,-2
,,0.36,360,-2
,,0.3604,360.4,-2
,,0.3608,360.8,-2.4
,,0.3612,361.2,-2
,,0.3616,361.6,-2
,,0.362,362,-2.4
,,0.3624,362.4,-2.4
,,0.3628,362.8,-2.4
,,0.3632,363.2,-2
,,0.3636,363.6,-2
,,0.364,364,-2.4
,,0.3644,364.4,-2
,,0.3648,364.8,-2.4
,,0.3652,365.2,-2
,,0.3656,365.6,-2.8
,,0.366,366,-2.4
,,0.3664,366.4,-2.4
,,0.3668,366.8,-2.4
,,0.3672,367.2,-2.8
,,0.3676,367.6,-2.4
,,0.368,368,-2.4
,,0.3684,368.4,-2.4
,,0.3688,368.8,-2.8
,,0.3692,369.2,-2.4
,,0.3696,369.6,-2.4
,,0.37,370,-2.4
,,0.3704,370.4,-2.8
,,0.3708,370.8,-2.4
,,0.3712,371.2,-2.4
,,0.3716,371.6,-2.4
,,0.372,372,-2.8
,,0.3724,372.4,-2.8
,,0.3728,372.8,-2.4
,,0.3732,373.2,-3.2
,,0.3736,373.6,-2.8
,,0.374,374,-2.8
,,0.3744,374.4,-2.8
,,0.3748,374.8,-3.2
,,0.3752,375.2,-2.8
,,0.3756,375.6,-2.8
,,0.376,376,-2.8
,,0.3764,376.4,-2.8
,,0.3768,376.8,-2.8
,,0.3772,377.2,-2.8
,,0.3776,377.6,-2.8
,,0.378,378,-2.8
,,0.3784,378.4,-2.8
,,0.3788,378.8,-2.8
,,0.3792,379.2,-2.8
,,0.3796,379.6,-3.2
,,0.38,380,-3.2
,,0.3804,380.4,-2.8
,,0.3808,380.8,-2.8
,,0.3812,381.2,-3.2
,,0.3816,381.6,-3.2
,,0.382,382,-3.2
,,0.3824,382.4,-2.8
,,0.3828,382.8,-3.2
,,0.3832,383.2,-3.2
,,0.3836,383.6,-3.2
,,0.384,384,-3.2
,,0.3844,384.4,-3.2
,,0.3848,384.8,-3.2
,,0.3852,385.2,-3.2
,,0.3856,385.6,-3.2
,,0.386,386,-3.6
,,0.3864,386.4,-3.2
,,0.3868,386.8,-3.2
,,0.3872,387.2,-3.6
,,0.3876,387.6,-3.2
,,0.388,388,-3.2
,,0.3884,388.4,-3.2
,,0.3888,388.8,-3.6
,,0.3892,389.2,-3.2
,,0.3896,389.6,-3.2
,,0.39,390,-3.2
,,0.3904,390.4,-4
,,0.3908,390.8,-3.6
,,0.3912,391.2,-3.6
,,0.3916,391.6,-3.2
,,0.392,392,-4
,,0.3924,392.4,-3.6
,,0.3928,392.8,-3.6
,,0.3932,393.2,-3.2
,,0.3936,393.6,-3.6
,,0.394,394,-3.6
,,0.3944,394.4,-3.6
,,0.3948,394.8,-3.6
,,0.3952,395.2,-4
,,0.3956,395.6,-3.6
,,0.396,396,-3.6
,,0.3964,396.4,-3.6
,,0.3968,396.8,-3.6
,,0.3972,397.2,-3.6
,,0.3976,397.6,-3.6
,,0.398,398,-3.6
,,0.3984,398.4,-4
,,0.3988,398.8,-3.6
,,0.3992,399.2,-3.6
,,0.3996,399.6,-3.6
,,0.4,400,-4
,,0.4004,400.4,-4
,,0.4008,400.8,-3.6
,,0.4012,401.2,-3.6
,,0.4016,401.6,-4
,,0.402,402,-4
,,0.4024,402.4,-4
,,0.4028,402.8,-4
,,0.4032,403.2,-4
,,0.4036,403.6,-4
,,0.404,404,-3.6
,,0.4044,404.4,-4
,,0.4048,404.8,-3.2
,,0.4052,405.2,-3.2
,,0.4056,405.6,-3.2
,,0.406,406,-2.4
,,0.4064,406.4,-2.4
,,0.4068,406.8,-2.4
,,0.4072,407.2,-2.4
,,0.4076,407.6,-2.4
,,0.408,408,-2
,,0.4084,408.4,-2
,,0.4088,408.8,-2
,,0.4092,409.2,-2
,,0.4096,409.6,-1.6
,,0.41,410,-1.6
,,0.4104,410.4,-1.6
,,0.4108,410.8,-1.2
,,0.4112,411.2,-1.6
,,0.4116,411.6,-1.2
,,0.412,412,-1.2
,,0.4124,412.4,-0.8
,,0.4128,412.8,-0.8
,,0.4132,413.2,-0.8
,,0.4136,413.6,-0.8
,,0.414,414,-0.4
,,0.4144,414.4,-0.8
,,0.4148,414.8,0
,,0.4152,415.2,-0.4
,,0.4156,415.6,0
,,0.416,416,0
,,0.4164,416.4,0
,,0.4168,416.8,0
,,0.4172,417.2,0.4
,,0.4176,417.6,0
,,0.418,418,0
,,0.4184,418.4,0.4
,,0.4188,418.8,0.8
,,0.4192,419.2,0.4
,,0.4196,419.6,0.8
,,0.42,420,0.4
,,0.4204,420.4,0.8
,,0.4208,420.8,0.8
,,0.4212,421.2,0.8
,,0.4216,421.6,0.8
,,0.422,422,1.2
,,0.4224,422.4,0.8
,,0.4228,422.8,1.2
,,0.4232,423.2,1.2
,,0.4236,423.6,1.2
,,0.424,424,1.2
,,0.4244,424.4,1.2
,,0.4248,424.8,1.6
,,0.4252,425.2,1.6
,,0.4256,425.6,1.6
,,0.426,426,1.6
,,0.4264,426.4,2.4
,,0.4268,426.8,1.6
,,0.4272,427.2,1.6
,,0.4276,427.6,1.6
,,0.428,428,2
,,0.4284,428.4,2
,,0.4288,428.8,2
,,0.4292,429.2,2
,,0.4296,429.6,2.4
,,0.43,430,2
,,0.4304,430.4,2
,,0.4308,430.8,2
,,0.4312,431.2,2
,,0.4316,431.6,2.4
,,0.432,432,2
,,0.4324,432.4,2
,,0.4328,432.8,2
,,0.4332,433.2,2.4
,,0.4336,433.6,2.4
,,0.434,434,2
,,0.4344,434.4,2.4
,,0.4348,434.8,2.4
,,0.4352,435.2,2.4
,,0.4356,435.6,2.4
,,0.436,436,2.8
,,0.4364,436.4,2.8
,,0.4368,436.8,2.4
,,0.4372,437.2,2.8
,,0.4376,437.6,2.8
,,0.438,438,2.8
,,0.4384,438.4,2.4
,,0.4388,438.8,2.8
,,0.4392,439.2,2.8
,,0.4396,439.6,2.8
,,0.44,440,2.4
,,0.4404,440.4,3.2
,,0.4408,440.8,2.8
,,0.4412,441.2,2.8
,,0.4416,441.6,2.8
,,0.442,442,3.2
,,0.4424,442.4,2.8
,,0.4428,442.8,3.2
,,0.4432,443.2,2.8
,,0.4436,443.6,2.8
,,0.444,444,2.8
,,0.4444,444.4,2.8
,,0.4448,444.8,2.8
,,0.4452,445.2,3.2
,,0.4456,445.6,3.2
,,0.446,446,3.2
,,0.4464,446.4,2.8
,,0.4468,446.8,3.2
,,0.4472,447.2,3.6
,,0.4476,447.6,2.8
,,0.448,448,2.8
,,0.4484,448.4,3.2
,,0.4488,448.8,2.8
,,0.4492,449.2,3.2
,,0.4496,449.6,2.8
,,0.45,450,3.2
,,0.4504,450.4,3.2
,,0.4508,450.8,3.2
,,0.4512,451.2,3.2
,,0.4516,451.6,3.2
,,0.452,452,3.2
,,0.4524,452.4,2.8
,,0.4528,452.8,3.2
,,0.4532,453.2,3.2
,,0.4536,453.6,3.2
,,0.454,454,3.2
,,0.4544,454.4,3.2
,,0.4548,454.8,3.2
,,0.4552,455.2,2.8
,,0.4556,455.6,3.2
,,0.456,456,3.2
,,0.4564,456.4,3.2
,,0.4568,456.8,3.2
,,0.4572,457.2,3.2
,,0.4576,457.6,3.2
,,0.458,458,3.2
,,0.4584,458.4,3.2
,,0.4588,458.8,3.2
,,0.4592,459.2,3.2
,,0.4596,459.6,2.8
,,0.46,460,3.2
,,0.4604,460.4,3.2
,,0.4608,460.8,3.2
,,0.4612,461.2,3.2
,,0.4616,461.6,3.2
,,0.462,462,2.8
,,0.4624,462.4,3.2
,,0.4628,462.8,3.2
,,0.4632,463.2,2.8
,,0.4636,463.6,2.8
,,0.464,464,3.2
,,0.4644,464.4,3.2
,,0.4648,464.8,3.2
,,0.4652,465.2,2.8
,,0.4656,465.6,3.2
,,0.466,466,3.2
,,0.4664,466.4,2.8
,,0.4668,466.8,2.8
,,0.4672,467.2,3.2
,,0.4676,467.6,2.8
,,0.468,468,2.8
,,0.4684,468.4,2.8
,,0.4688,468.8,2.8
,,0.4692,469.2,2.8
,,0.4696,469.6,2.4
,,0.47,470,2.8
,,0.4704,470.4,2.8
,,0.4708,470.8,2.8
,,0.4712,471.2,2.8
,,0.4716,471.6,3.2
,,0.472,472,2.8
,,0.4724,472.4,2.8
,,0.4728,472.8,2.8
,,0.4732,473.2,2.8
,,0.4736,473.6,2.4
,,0.474,474,2.4
,,0.4744,474.4,2.8
,,0.4748,474.8,2.8
,,0.4752,475.2,2.4
,,0.4756,475.6,2.4
,,0.476,476,2.4
,,0.4764,476.4,2.8
,,0.4768,476.8,2.8
,,0.4772,477.2,2.4
,,0.4776,477.6,2.4
,,0.478,478,2.4
,,0.4784,478.4,2.4
,,0.4788,478.8,2.4
,,0.4792,479.2,2.4
,,0.4796,479.6,2.4
,,0.48,480,2.4
,,0.4804,480.4,2.4
,,0.4808,480.8,2.4
,,0.4812,481.2,2.4
,,0.4816,481.6,2.4
,,0.482,482,2.4
,,0.4824,482.4,2.4
,,0.4828,482.8,2.4
,,0.4832,483.2,2.4
,,0.4836,483.6,2.4
,,0.484,484,2.4
,,0.4844,484.4,2.4
,,0.4848,484.8,2.4
,,0.4852,485.2,2
,,0.4856,485.6,2
,,0.486,486,2
,,0.4864,486.4,2
,,0.4868,486.8,2
,,0.4872,487.2,2.4
,,0.4876,487.6,2
,,0.488,488,2.4
,,0.4884,488.4,2
,,0.4888,488.8,2
,,0.4892,489.2,2
,,0.4896,489.6,2
,,0.49,490,2.4
,,0.4904,490.4,2
,,0.4908,490.8,2
,,0.4912,491.2,2
,,0.4916,491.6,1.6
,,0.492,492,2
,,0.4924,492.4,1.6
,,0.4928,492.8,1.6
,,0.4932,493.2,2
,,0.4936,493.6,2
,,0.494,494,2
,,0.4944,494.4,1.6
,,0.4948,494.8,2
,,0.4952,495.2,2
,,0.4956,495.6,1.6
,,0.496,496,1.6
,,0.4964,496.4,1.6
,,0.4968,496.8,1.6
,,0.4972,497.2,1.6
,,0.4976,497.6,1.6
,,0.498,498,1.6
,,0.4984,498.4,1.6
,,0.4988,498.8,1.6
,,0.4992,499.2,1.6
,,0.4996,499.6,1.6
,,0.5,500,1.6
,,0.5004,500.4,1.6
,,0.5008,500.8,1.2
,,0.5012,501.2,1.2
,,0.5016,501.6,1.2
,,0.502,502,1.6
,,0.5024,502.4,1.2
,,0.5028,502.8,1.2
,,0.5032,503.2,1.2
,,0.5036,503.6,1.2
,,0.504,504,1.2
,,0.5044,504.4,1.2
,,0.5048,504.8,1.2
,,0.5052,505.2,1.2
,,0.5056,505.6,1.2
,,0.506,506,1.2
,,0.5064,506.4,0.8
,,0.5068,506.8,1.2
,,0.5072,507.2,1.2
,,0.5076,507.6,0.8
,,0.508,508,0.8
,,0.5084,508.4,1.2
,,0.5088,508.8,0.8
,,0.5092,509.2,0.8
,,0.5096,509.6,0.8
,,0.51,510,1.2
,,0.5104,510.4,0.8
,,0.5108,510.8,0.8
,,0.5112,511.2,0.8
,,0.5116,511.6,0.8
,,0.512,512,0.4
,,0.5124,512.4,0.8
,,0.5128,512.8,0.4
,,0.5132,513.2,0.8
,,0.5136,513.6,0.4
,,0.514,514,0.4
,,0.5144,514.4,0.4
,,0.5148,514.8,0.8
,,0.5152,515.2,0.4
,,0.5156,515.6,0.4
,,0.516,516,0.4
,,0.5164,516.4,0.4
,,0.5168,516.8,0.4
,,0.5172,517.2,0.4
,,0.5176,517.6,0.4
,,0.518,518,0.4
,,0.5184,518.4,0.4
,,0.5188,518.8,0.4
,,0.5192,519.2,0.4
,,0.5196,519.6,0.4
,,0.52,520,0
,,0.5204,520.4,0.4
,,0.5208,520.8,0.4
,,0.5212,521.2,0.4
,,0.5216,521.6,0
,,0.522,522,0
,,0.5224,522.4,0
,,0.5228,522.8,0
,,0.5232,523.2,0
,,0.5236,523.6,0
,,0.524,524,0
,,0.5244,524.4,0
,,0.5248,524.8,0
,,0.5252,525.2,0
,,0.5256,525.6,0
,,0.526,526,0
,,0.5264,526.4,-0.4
,,0.5268,526.8,-0.4
,,0.5272,527.2,0
,,0.5276,527.6,-0.4
,,0.528,528,-0.4
,,0.5284,528.4,-0.4
,,0.5288,528.8,-0.4
,,0.5292,529.2,0
,,0.5296,529.6,-0.8
,,0.53,530,-0.4
,,0.5304,530.4,-0.8
,,0.5308,530.8,-0.4
,,0.5312,531.2,-0.4
,,0.5316,531.6,-0.4
,,0.532,532,-0.4
,,0.5324,532.4,-0.4
,,0.5328,532.8,-0.4
,,0.5332,533.2,-0.4
,,0.5336,533.6,-0.4
,,0.534,534,-0.8
,,0.5344,534.4,-0.8
,,0.5348,534.8,-0.4
,,0.5352,535.2,-0.8
,,0.5356,535.6,-0.8
,,0.536,536,-0.8
,,0.5364,536.4,-0.8
,,0.5368,536.8,-0.8
,,0.5372,537.2,-0.8
,,0.5376,537.6,-0.8
,,0.538,538,-0.8
,,0.5384,538.4,-0.4
,,0.5388,538.8,-0.8
,,0.5392,539.2,-1.2
,,0.5396,539.6,-1.2
,,0.54,540,-1.2
,,0.5404,540.4,-1.2
,,0.5408,540.8,-0.8
,,0.5412,541.2,-1.2
,,0.5416,541.6,-0.8
,,0.542,542,-1.2
,,0.5424,542.4,-1.2
,,0.5428,542.8,-1.2
,,0.5432,543.2,-0.8
,,0.5436,543.6,-1.2
,,0.544,544,-1.2
,,0.5444,544.4,-1.2
,,0.5448,544.8,-1.6
,,0.5452,545.2,-1.6
,,0.5456,545.6,-1.6
,,0.546,546,-1.2
,,0.5464,546.4,-1.2
,,0.5468,546.8,-1.6
,,0.5472,547.2,-1.6
,,0.5476,547.6,-1.6
,,0.548,548,-1.2
,,0.5484,548.4,-1.6
,,0.5488,548.8,-1.6
,,0.5492,549.2,-1.6
,,0.5496,549.6,-1.6
,,0.55,550,-1.6
,,0.5504,550.4,-1.6
,,0.5508,550.8,-1.6
,,0.5512,551.2,-1.6
,,0.5516,551.6,-2
,,0.552,552,-2
,,0.5524,552.4,-1.6
,,0.5528,552.8,-1.6
,,0.5532,553.2,-1.6
,,0.5536,553.6,-1.6
,,0.554,554,-2
,,0.5544,554.4,-2
,,0.5548,554.8,-2
,,0.5552,555.2,-2
,,0.5556,555.6,-2
,,0.556,556,-2
,,0.5564,556.4,-2
,,0.5568,556.8,-2
,,0.5572,557.2,-2
,,0.5576,557.6,-2
,,0.558,558,-2
,,0.5584,558.4,-2
,,0.5588,558.8,-2
,,0.5592,559.2,-2
,,0.5596,559.6,-2
,,0.56,560,-2
,,0.5604,560.4,-2
,,0.5608,560.8,-2
,,0.5612,561.2,-2
,,0.5616,561.6,-2
,,0.562,562,-2
,,0.5624,562.4,-2
,,0.5628,562.8,-2
,,0.5632,563.2,-2
,,0.5636,563.6,-2
,,0.564,564,-2.4
,,0.5644,564.4,-2.4
,,0.5648,564.8,-52.4
,,0.5652,565.2,-52.4
,,0.5656,565.6,-52.4
,,0.566,566,-52.4
,,0.5664,566.4,-52.4
,,0.5668,566.8,-52.4
,,0.5672,567.2,-52.4
,,0.5676,567.6,-52.4
,,0.568,568,-52.4
,,0.5684,568.4,-52.4
,,0.5688,568.8,-52.4
,,0.5692,569.2,-52.4
,,0.5696,569.6,-52.4
,,0.57,570,-52.4
,,0.5704,570.4,-52.4
,,0.5708,570.8,-52.4
,,0.5712,571.2,-52.4
,,0.5716,571.6,-52.4
,,0.572,572,-52.4
,,0.5724,572.4,-52.4
,,0.5728,572.8,-52.4
,,0.5732,573.2,-52.4
,,0.5736,573.6,-52.4
,,0.574,574,-52.4
,,0.5744,574.4,-52.4
,,0.5748,574.8,-52.4
,,0.5752,575.2,-52.4
,,0.5756,575.6,-52.4
,,0.576,576,-52.4
,,0.5764,576.4,-52.4
,,0.5768,576.8,-52.4
,,0.5772,577.2,-52.4
,,0.5776,577.6,-52.4
,,0.578,578,-52.4
,,0.5784,578.4,-52.4
,,0.5788,578.8,-52.4
,,0.5792,579.2,-52.4
,,0.5796,579.6,-52.4
,,0.58,580,-52.4
,,0.5804,580.4,-52.4
,,0.5808,580.8,-52.4
,,0.5812,581.2,-52.4
,,0.5816,581.6,-52.4
,,0.582,582,-52.4
,,0.5824,582.4,-52.4
,,0.5828,582.8,-52.4
,,0.5832,583.2,-52.4
,,0.5836,583.6,-52.4
,,0.584,584,-52.4
,,0.5844,584.4,-52.4
,,0.5848,584.8,-52.4
,,0.5852,585.2,-52.4
,,0.5856,585.6,-52.4
,,0.586,586,-52.4
,,0.5864,586.4,-52.4
,,0.5868,586.8,-52.4
,,0.5872,587.2,-52.4
,,0.5876,587.6,-52.4
,,0.588,588,-52.4
,,0.5884,588.4,-52.4
,,0.5888,588.8,-52.4
,,0.5892,589.2,-52.4
,,0.5896,589.6,-52.4
,,0.59,590,-52.4
,,0.5904,590.4,-52.4
,,0.5908,590.8,-52.4
,,0.5912,591.2,-52.4
,,0.5916,591.6,-52.4
,,0.592,592,-52.4
,,0.5924,592.4,-52.4
,,0.5928,592.8,-52.4
,,0.5932,593.2,-52.4
,,0.5936,593.6,-52.4
,,0.594,594,-52.4
,,0.5944,594.4,-52.4
,,0.5948,594.8,-52.4
,,0.5952,595.2,-52.4
,,0.5956,595.6,-52.4
,,0.596,596,-52.4
,,0.5964,596.4,-52.4
,,0.5968,596.8,-52.4
,,0.5972,597.2,-52.4
,,0.5976,597.6,-52.4
,,0.598,598,-52.4
,,0.5984,598.4,-52.4
,,0.5988,598.8,-52.4
,,0.5992,599.2,-52.4
,,0.5996,599.6,-52.4
,,0.6,600,-52.4
,,0.6004,600.4,-52.4
,,0.6008,600.8,-52.4
,,0.6012,601.2,-52.4
,,0.6016,601.6,-52.4
,,0.602,602,-52.4
,,0.6024,602.4,-52.4
,,0.6028,602.8,-52.4
,,0.6032,603.2,-52.4
,,0.6036,603.6,-52.4
,,0.604,604,-52.4
,,0.6044,604.4,-52.4
,,0.6048,604.8,-52.4
,,0.6052,605.2,-52.4
,,0.6056,605.6,-52.4
,,0.606,606,-52.4
,,0.6064,606.4,-52.4
,,0.6068,606.8,-52.4
,,0.6072,607.2,-52.4
,,0.6076,607.6,-52.4
,,0.608,608,-52.4
,,0.6084,608.4,-52.4
,,0.6088,608.8,-52.4
,,0.6092,609.2,-52.4
,,0.6096,609.6,-52.4
,,0.61,610,-52.4
,,0.6104,610.4,-52.4
,,0.6108,610.8,-52.4
,,0.6112,611.2,-52.4
,,0.6116,611.6,-52.4
,,0.612,612,-52.4
,,0.6124,612.4,-52.4
,,0.6128,612.8,-52.4
,,0.6132,613.2,-52.4
,,0.6136,613.6,-52.4
,,0.614,614,-52.4
,,0.6144,614.4,-52.4
,,0.6148,614.8,-52.4
,,0.6152,615.2,-52.4
,,0.6156,615.6,-52.4
,,0.616,616,-52.4
,,0.6164,616.4,-52.4
,,0.6168,616.8,-52.4
,,0.6172,617.2,-52.4
,,0.6176,617.6,-52.4
,,0.618,618,-52.4
,,0.6184,618.4,-52.4
,,0.6188,618.8,-52.4
,,0.6192,619.2,-52.4
,,0.6196,619.6,-52.4
,,0.62,620,-52.4
,,0.6204,620.4,-52.4
,,0.6208,620.8,-52.4
,,0.6212,621.2,-52.4
,,0.6216,621.6,-52.4
,,0.622,622,-52.4
,,0.6224,622.4,-52.4
,,0.6228,622.8,-52.4
,,0.6232,623.2,-52.4
,,0.6236,623.6,-52.4
,,0.624,624,-52.4
,,0.6244,624.4,-52.4
,,0.6248,624.8,-52.4
,,0.6252,625.2,-52.4
,,0.6256,625.6,-52.4
,,0.626,626,-52.4
,,0.6264,626.4,-52.4
,,0.6268,626.8,-52.4
,,0.6272,627.2,-52.4
,,0.6276,627.6,-52.4
,,0.628,628,-52.4
,,0.6284,628.4,-52.4
,,0.6288,628.8,-52.4
,,0.6292,629.2,-52.4
,,0.6296,629.6,-52.4
,,0.63,630,-52.4
,,0.6304,630.4,-52.4
,,0.6308,630.8,-52.4
,,0.6312,631.2,-52.4
,,0.6316,631.6,-52.4
,,0.632,632,-52.4
,,0.6324,632.4,-52.4
,,0.6328,632.8,-52.4
,,0.6332,633.2,-52.4
,,0.6336,633.6,-52.4
,,0.634,634,-52.4
,,0.6344,634.4,-52.4
,,0.6348,634.8,-52.4
,,0.6352,635.2,-52.4
,,0.6356,635.6,-52.4
,,0.636,636,-52.4
,,0.6364,636.4,-52.4
,,0.6368,636.8,-52.4
,,0.6372,637.2,-52.4
,,0.6376,637.6,-52.4
,,0.638,638,-52.4
,,0.6384,638.4,-52.4
,,0.6388,638.8,-52.4
,,0.6392,639.2,-52.4
,,0.6396,639.6,-52.4
,,0.64,640,-52.4
,,0.6404,640.4,-52.4
,,0.6408,640.8,-52.4
,,0.6412,641.2,-52.4
,,0.6416,641.6,-52.4
,,0.642,642,-52.4
,,0.6424,642.4,-52.4
,,0.6428,642.8,-52.4
,,0.6432,643.2,-52.4
,,0.6436,643.6,-52.4
,,0.644,644,-52.4
,,0.6444,644.4,-52.4
,,0.6448,644.8,-52.4
,,0.6452,645.2,-52.4
,,0.6456,645.6,-52.4
,,0.646,646,-52.4
,,0.6464,646.4,-52.4
,,0.6468,646.8,-52.4
,,0.6472,647.2,-52.4
,,0.6476,647.6,-52.4
,,0.648,648,-52.4
,,0.6484,648.4,-52.4
,,0.6488,648.8,-52.4
,,0.6492,649.2,-52.4
,,0.6496,649.6,-52.4
,,0.65,650,-52.4
,,0.6504,650.4,-52.4
,,0.6508,650.8,-52.4
,,0.6512,651.2,-52.4
,,0.6516,651.6,-52.4
,,0.652,652,-52.4
,,0.6524,652.4,-52.4
,,0.6528,652.8,-52.4
,,0.6532,653.2,-52.4
,,0.6536,653.6,-52.4
,,0.654,654,-52.4
,,0.6544,654.4,-52.4
,,0.6548,654.8,-52.4
,,0.6552,655.2,-52.4
,,0.6556,655.6,-52.4
,,0.656,656,-52.4
,,0.6564,656.4,-52.4
,,0.6568,656.8,-52.4
,,0.6572,657.2,-52.4
,,0.6576,657.6,-52.4
,,0.658,658,-52.4
,,0.6584,658.4,-52.4
,,0.6588,658.8,-52.4
,,0.6592,659.2,-52.4
,,0.6596,659.6,-52.4
,,0.66,660,-52.4
,,0.6604,660.4,-52.4
,,0.6608,660.8,-52.4
,,0.6612,661.2,-52.4
,,0.6616,661.6,-52.4
,,0.662,662,-52.4
,,0.6624,662.4,-52.4
,,0.6628,662.8,-52.4
,,0.6632,663.2,-52.4
,,0.6636,663.6,-52.4
,,0.664,664,-52.4
,,0.6644,664.4,-52.4
,,0.6648,664.8,3.2
,,0.6652,665.2,2.8
,,0.6656,665.6,2.8
,,0.666,666,2.8
,,0.6664,666.4,3.2
,,0.6668,666.8,2.8
,,0.6672,667.2,3.2
,,0.6676,667.6,2.8
,,0.668,668,2.8
,,0.6684,668.4,3.2
,,0.6688,668.8,2.8
,,0.6692,669.2,2.8
,,0.6696,669.6,2.8
,,0.67,670,2.8
,,0.6704,670.4,2.8
,,0.6708,670.8,2.8
,,0.6712,671.2,2.8
,,0.6716,671.6,2.8
,,0.672,672,2.8
,,0.6724,672.4,2.8
,,0.6728,672.8,2.4
,,0.6732,673.2,2.8
,,0.6736,673.6,2.8
,,0.674,674,2.4
,,0.6744,674.4,2.8
,,0.6748,674.8,2.8
,,0.6752,675.2,2.8
,,0.6756,675.6,2.4
,,0.676,676,2.8
,,0.6764,676.4,2.8
,,0.6768,676.8,2.4
,,0.6772,677.2,2.4
,,0.6776,677.6,2.4
,,0.678,678,2.8
,,0.6784,678.4,2.4
,,0.6788,678.8,2.4
,,0.6792,679.2,2.4
,,0.6796,679.6,2.4
,,0.68,680,2.4
,,0.6804,680.4,2.4
,,0.6808,680.8,2.4
,,0.6812,681.2,2.4
,,0.6816,681.6,2.4
,,0.682,682,2.4
,,0.6824,682.4,2.4
,,0.6828,682.8,2.4
,,0.6832,683.2,2.4
,,0.6836,683.6,2.4
,,0.684,684,2.4
,,0.6844,684.4,2.4
,,0.6848,684.8,2
,,0.6852,685.2,2
,,0.6856,685.6,2
,,0.686,686,2
,,0.6864,686.4,2
,,0.6868,686.8,2.4
,,0.6872,687.2,2.4
,,0.6876,687.6,2
,,0.688,688,2
,,0.6884,688.4,2
,,0.6888,688.8,2
,,0.6892,689.2,2
,,0.6896,689.6,2
,,0.69,690,2
,,0.6904,690.4,2
,,0.6908,690.8,2
,,0.6912,691.2,2
,,0.6916,691.6,2
,,0.692,692,2
,,0.6924,692.4,2
,,0.6928,692.8,2
,,0.6932,693.2,1.6
,,0.6936,693.6,1.6
,,0.694,694,2
,,0.6944,694.4,1.6
,,0.6948,694.8,1.6
,,0.6952,695.2,1.6
,,0.6956,695.6,2
,,0.696,696,1.6
,,0.6964,696.4,1.6
,,0.6968,696.8,2
,,0.6972,697.2,1.6
,,0.6976,697.6,1.6
,,0.698,698,1.2
,,0.6984,698.4,1.6
,,0.6988,698.8,1.6
,,0.6992,699.2,1.6
,,0.6996,699.6,1.6
,,0.7,700,1.6
,,0.7004,700.4,1.6
,,0.7008,700.8,1.2
,,0.7012,701.2,1.2
,,0.7016,701.6,1.2
,,0.702,702,1.2
,,0.7024,702.4,1.2
,,0.7028,702.8,1.2
,,0.7032,703.2,1.2
,,0.7036,703.6,1.2
,,0.704,704,1.2
,,0.7044,704.4,1.2
,,0.7048,704.8,1.2
,,0.7052,705.2,1.2
,,0.7056,705.6,1.2
,,0.706,706,0.8
,,0.7064,706.4,1.2
,,0.7068,706.8,1.2
,,0.7072,707.2,1.2
,,0.7076,707.6,0.8
,,0.708,708,1.2
,,0.7084,708.4,0.8
,,0.7088,708.8,0.8
,,0.7092,709.2,1.2
,,0.7096,709.6,0.8
,,0.71,710,0.8
,,0.7104,710.4,0.8
,,0.7108,710.8,0.4
,,0.7112,711.2,0.8
,,0.7116,711.6,0.8
,,0.712,712,0.8
,,0.7124,712.4,0.8
,,0.7128,712.8,0.8
,,0.7132,713.2,0.4
,,0.7136,713.6,0.8
,,0.714,714,0.4
,,0.7144,714.4,0.4
,,0.7148,714.8,0.4
,,0.7152,715.2,0.4
,,0.7156,715.6,0.4
,,0.716,716,0.4
,,0.7164,716.4,0.4
,,0.7168,716.8,0.4
,,0.7172,717.2,0.4
,,0.7176,717.6,0.4
,,0.718,718,0.4
,,0.7184,718.4,0.4
,,0.7188,718.8,0.4
,,0.7192,719.2,0.4
,,0.7196,719.6,0.4
,,0.72,720,0.4
,,0.7204,720.4,0.4
,,0.7208,720.8,0
,,0.7212,721.2,0
,,0.7216,721.6,0
,,0.722,722,0
,,0.7224,722.4,0
,,0.7228,722.8,0.4
,,0.7232,723.2,0
,,0.7236,723.6,0.4
,,0.724,724,0
,,0.7244,724.4,0
,,0.7248,724.8,0
,,0.7252,725.2,0
,,0.7256,725.6,0
,,0.726,726,-0.4
,,0.7264,726.4,0
,,0.7268,726.8,0
,,0.7272,727.2,0
,,0.7276,727.6,-0.4
,,0.728,728,-0.4
,,0.7284,728.4,-0.4
,,0.7288,728.8,0
,,0.7292,729.2,0
,,0.7296,729.6,-0.4
,,0.73,730,-0.4
,,0.7304,730.4,-0.4
,,0.7308,730.8,-0.4
,,0.7312,731.2,-0.4
,,0.7316,731.6,-0.4
,,0.732,732,-0.4
,,0.7324,732.4,-0.4
,,0.7328,732.8,-0.4
,,0.7332,733.2,-0.4
,,0.7336,733.6,-0.4
,,0.734,734,-0.8
,,0.7344,734.4,-0.8
,,0.7348,734.8,-0.8
,,0.7352,735.2,-0.8
,,0.7356,735.6,-0.8
,,0.736,736,-0.8
,,0.7364,736.4,-0.8
,,0.7368,736.8,-0.8
,,0.7372,737.2,-0.8
,,0.7376,737.6,-0.8
,,0.738,738,-1.2
,,0.7384,738.4,-0.8
,,0.7388,738.8,-0.8
,,0.7392,739.2,-0.8
,,0.7396,739.6,-1.2
,,0.74,740,-0.8
,,0.7404,740.4,-0.8
,,0.7408,740.8,-1.2
,,0.7412,741.2,-1.2
,,0.7416,741.6,-0.8
,,0.742,742,-1.2
,,0.7424,742.4,-1.2
,,0.7428,742.8,-1.2
,,0.7432,743.2,-0.8
,,0.7436,743.6,-1.2
,,0.744,744,-1.2
,,0.7444,744.4,-1.2
,,0.7448,744.8,-1.2
,,0.7452,745.2,-1.6
,,0.7456,745.6,-1.2
,,0.746,746,-1.2
,,0.7464,746.4,-1.2
,,0.7468,746.8,-1.2
,,0.7472,747.2,-1.6
,,0.7476,747.6,-1.6
,,0.748,748,-1.2
,,0.7484,748.4,-1.6
,,0.7488,748.8,-1.2
,,0.7492,749.2,-1.6
,,0.7496,749.6,-1.6
,,0.75,750,-1.6
,,0.7504,750.4,-2
,,0.7508,750.8,-1.2
,,0.7512,751.2,-1.6
,,0.7516,751.6,-1.6
,,0.752,752,-2
,,0.7524,752.4,-2
,,0.7528,752.8,-1.6
,,0.7532,753.2,-2
,,0.7536,753.6,-2
,,0.754,754,-2
,,0.7544,754.4,-2
,,0.7548,754.8,-2
,,0.7552,755.2,-2
,,0.7556,755.6,-2
,,0.756,756,-2
,,0.7564,756.4,-2
,,0.7568,756.8,-2
,,0.7572,757.2,-2
,,0.7576,757.6,-2
,,0.758,758,-2
,,0.7584,758.4,-2
,,0.7588,758.8,-2
,,0.7592,759.2,-2
,,0.7596,759.6,-2
,,0.76,760,-2
,,0.7604,760.4,-2
,,0.7608,760.8,-2
,,0.7612,761.2,-2
,,0.7616,761.6,-2
,,0.762,762,-2
,,0.7624,762.4,-2.4
,,0.7628,762.8,-2.4
,,0.7632,763.2,-2.4
,,0.7636,763.6,-2.4
,,0.764,764,-2.8
,,0.7644,764.4,-2.4
,,0.7648,764.8,-2
,,0.7652,765.2,-2
,,0.7656,765.6,-2.4
,,0.766,766,-2.4
,,0.7664,766.4,-2.4
,,0.7668,766.8,-2.4
,,0.7672,767.2,-2.4
,,0.7676,767.6,-2.4
,,0.768,768,-2.4
,,0.7684,768.4,-2.4
,,0.7688,768.8,-2.8
,,0.7692,769.2,-2.4
,,0.7696,769.6,-2.4
,,0.77,770,-2.4
,,0.7704,770.4,-2.4
,,0.7708,770.8,-2.4
,,0.7712,771.2,-2.4
,,0.7716,771.6,-2.8
,,0.772,772,-2.8
,,0.7724,772.4,-2.8
,,0.7728,772.8,-2.8
,,0.7732,773.2,-2.8
,,0.7736,773.6,-3.2
,,0.774,774,-2.8
,,0.7744,774.4,-2.8
,,0.7748,774.8,-2.8
,,0.7752,775.2,-2.8
,,0.7756,775.6,-2.8
,,0.776,776,-2.8
,,0.7764,776.4,-2.8
,,0.7768,776.8,-3.2
,,0.7772,777.2,-2.8
,,0.7776,777.6,-2.8
,,0.778,778,-3.2
,,0.7784,778.4,-3.2
,,0.7788,778.8,-3.2
,,0.7792,779.2,-2.8
,,0.7796,779.6,-3.2
,,0.78,780,-3.2
,,0.7804,780.4,-2.8
,,0.7808,780.8,-2.8
,,0.7812,781.2,-3.2
,,0.7816,781.6,-3.2
,,0.782,782,-3.2
,,0.7824,782.4,-2.8
,,0.7828,782.8,-3.2
,,0.7832,783.2,-3.2
,,0.7836,783.6,-2.8
,,0.784,784,-3.2
,,0.7844,784.4,-3.2
,,0.7848,784.8,-3.2
,,0.7852,785.2,-3.2
,,0.7856,785.6,-3.2
,,0.786,786,-3.6
,,0.7864,786.4,-3.6
,,0.7868,786.8,-3.2
,,0.7872,787.2,-3.2
,,0.7876,787.6,-3.2
,,0.788,788,-3.2
,,0.7884,788.4,-3.2
,,0.7888,788.8,-3.6
,,0.7892,789.2,-3.2
,,0.7896,789.6,-3.6
,,0.79,790,-3.6
,,0.7904,790.4,-3.6
,,0.7908,790.8,-3.2
,,0.7912,791.2,-3.6
,,0.7916,791.6,-3.6
,,0.792,792,-3.6
,,0.7924,792.4,-3.6
,,0.7928,792.8,-3.6
,,0.7932,793.2,-3.6
,,0.7936,793.6,-3.6
,,0.794,794,-3.6
,,0.7944,794.4,-3.6
,,0.7948,794.8,-3.6
,,0.7952,795.2,-4
,,0.7956,795.6,-3.6
,,0.796,796,-3.6
,,0.7964,796.4,-3.2
,,0.7968,796.8,-4
,,0.7972,797.2,-3.6
,,0.7976,797.6,-3.2
,,0.798,798,-3.6
,,0.7984,798.4,-4
,,0.7988,798.8,-4
,,0.7992,799.2,-3.6
,,0.7996,799.6,-3.6
,,0.8,800,-4
,,0.8004,800.4,-4
,,0.8008,800.8,-3.6
,,0.8012,801.2,-3.6
,,0.8016,801.6,-4
,,0.802,802,-4
,,0.8024,802.4,-3.6
,,0.8028,802.8,-4
,,0.8032,803.2,-4
,,0.8036,803.6,-4
,,0.804,804,-4
,,0.8044,804.4,-3.6
,,0.8048,804.8,-3.2
,,0.8052,805.2,-3.2
,,0.8056,805.6,-3.2
,,0.806,806,-2.8
,,0.8064,806.4,-2.8
,,0.8068,806.8,-2.4
,,0.8072,807.2,-2.4
,,0.8076,807.6,-2.4
,,0.808,808,-2.4
,,0.8084,808.4,-2
,,0.8088,808.8,-2
,,0.8092,809.2,-2
,,0.8096,809.6,-1.6
,,0.81,810,-1.6
,,0.8104,810.4,-1.6
,,0.8108,810.8,-1.2
,,0.8112,811.2,-1.2
,,0.8116,811.6,-1.2
,,0.812,812,-1.2
,,0.8124,812.4,-0.8
,,0.8128,812.8,-0.8
,,0.8132,813.2,-0.8
,,0.8136,813.6,-0.8
,,0.814,814,-0.4
,,0.8144,814.4,-0.4
,,0.8148,814.8,-0.4
,,0.8152,815.2,-0.4
,,0.8156,815.6,-0.4
,,0.816,816,0
,,0.8164,816.4,0
,,0.8168,816.8,0
,,0.8172,817.2,0
,,0.8176,817.6,0
,,0.818,818,0.4
,,0.8184,818.4,0.4
,,0.8188,818.8,0.8
,,0.8192,819.2,0.8
,,0.8196,819.6,0.4
,,0.82,820,0.4
,,0.8204,820.4,0.8
,,0.8208,820.8,0.8
,,0.8212,821.2,0.8
,,0.8216,821.6,1.2
,,0.822,822,1.2
,,0.8224,822.4,0.8
,,0.8228,822.8,1.2
,,0.8232,823.2,1.2
,,0.8236,823.6,1.2
,,0.824,824,1.2
,,0.8244,824.4,1.2
,,0.8248,824.8,1.6
,,0.8252,825.2,1.6
,,0.8256,825.6,1.6
,,0.826,826,1.6
,,0.8264,826.4,2
,,0.8268,826.8,2
,,0.8272,827.2,1.6
,,0.8276,827.6,1.6
,,0.828,828,2
,,0.8284,828.4,2
,,0.8288,828.8,2
,,0.8292,829.2,2
,,0.8296,829.6,2
,,0.83,830,2
,,0.8304,830.4,2
,,0.8308,830.8,2
,,0.8312,831.2,2.4
,,0.8316,831.6,2.4
,,0.832,832,2.4
,,0.8324,832.4,2
,,0.8328,832.8,2.8
,,0.8332,833.2,2.4
,,0.8336,833.6,2.4
,,0.834,834,2
,,0.8344,834.4,2.8
,,0.8348,834.8,2.4
,,0.8352,835.2,2.4
,,0.8356,835.6,2.4
,,0.836,836,2.8
,,0.8364,836.4,2.4
,,0.8368,836.8,2.8
,,0.8372,837.2,2.8
,,0.8376,837.6,2.8
,,0.838,838,2.4
,,0.8384,838.4,2.8
,,0.8388,838.8,2.8
,,0.8392,839.2,2.8
,,0.8396,839.6,2.8
,,0.84,840,2.8
,,0.8404,840.4,3.2
,,0.8408,840.8,2.8
,,0.8412,841.2,3.2
,,0.8416,841.6,2.8
,,0.842,842,3.2
,,0.8424,842.4,2.8
,,0.8428,842.8,2.8
,,0.8432,843.2,2.8
,,0.8436,843.6,2.8
,,0.844,844,2.8
,,0.8444,844.4,2.8
,,0.8448,844.8,2.8
,,0.8452,845.2,2.8
,,0.8456,845.6,3.2
,,0.846,846,2.8
,,0.8464,846.4,3.2
,,0.8468,846.8,3.2
,,0.8472,847.2,3.2
,,0.8476,847.6,3.2
,,0.848,848,2.8
,,0.8484,848.4,3.2
,,0.8488,848.8,3.2
,,0.8492,849.2,3.2
,,0.8496,849.6,3.2
,,0.85,850,3.2
,,0.8504,850.4,3.2
,,0.8508,850.8,3.2
,,0.8512,851.2,2.8
,,0.8516,851.6,3.2
,,0.852,852,2.8
,,0.8524,852.4,2.8
,,0.8528,852.8,3.2
,,0.8532,853.2,3.2
,,0.8536,853.6,3.2
,,0.854,854,3.2
,,0.8544,854.4,2.8
,,0.8548,854.8,2.8
,,0.8552,855.2,3.2
,,0.8556,855.6,2.8
,,0.856,856,3.2
,,0.8564,856.4,3.6
,,0.8568,856.8,3.2
,,0.8572,857.2,3.2
,,0.8576,857.6,3.2
,,0.858,858,3.2
,,0.8584,858.4,2.8
,,0.8588,858.8,2.8
,,0.8592,859.2,3.2
,,0.8596,859.6,3.2
,,0.86,860,2.8
,,0.8604,860.4,3.2
,,0.8608,860.8,3.2
,,0.8612,861.2,3.2
,,0.8616,861.6,3.2
,,0.862,862,2.8
,,0.8624,862.4,3.6
,,0.8628,862.8,3.2
,,0.8632,863.2,2.8
,,0.8636,863.6,3.2
,,0.864,864,3.2
,,0.8644,864.4,3.2
,,0.8648,864.8,2.8
,,0.8652,865.2,2.8
,,0.8656,865.6,2.8
,,0.866,866,2.8
,,0.8664,866.4,2.8
,,0.8668,866.8,2.8
,,0.8672,867.2,3.2
,,0.8676,867.6,3.2
,,0.868,868,2.8
,,0.8684,868.4,2.8
,,0.8688,868.8,2.8
,,0.8692,869.2,2.8
,,0.8696,869.6,2.8
,,0.87,870,2.8
,,0.8704,870.4,2.8
,,0.8708,870.8,3.2
,,0.8712,871.2,2.8
,,0.8716,871.6,2.8
,,0.872,872,2.8
,,0.8724,872.4,2.8
,,0.8728,872.8,2.8
,,0.8732,873.2,2.4
,,0.8736,873.6,2.4
,,0.874,874,2.8
,,0.8744,874.4,2.8
,,0.8748,874.8,2.8
,,0.8752,875.2,2.8
,,0.8756,875.6,2.8
,,0.876,876,2.8
,,0.8764,876.4,2.8
,,0.8768,876.8,2.8
,,0.8772,877.2,2.4
,,0.8776,877.6,2.4
,,0.878,878,2.4
,,0.8784,878.4,2.4
,,0.8788,878.8,2.4
,,0.8792,879.2,2.4
,,0.8796,879.6,2.8
,,0.88,880,2.4
,,0.8804,880.4,2.4
,,0.8808,880.8,2.4
,,0.8812,881.2,2.4
,,0.8816,881.6,2.4
,,0.882,882,2.4
,,0.8824,882.4,2.4
,,0.8828,882.8,2.4
,,0.8832,883.2,2.4
,,0.8836,883.6,2
,,0.884,884,2
,,0.8844,884.4,2.4
,,0.8848,884.8,2.4
,,0.8852,885.2,2.4
,,0.8856,885.6,2.4
,,0.886,886,2.4
,,0.8864,886.4,2
,,0.8868,886.8,2
,,0.8872,887.2,2.4
,,0.8876,887.6,2
,,0.888,888,2.4
,,0.8884,888.4,2
,,0.8888,888.8,2
,,0.8892,889.2,2
,,0.8896,889.6,2
,,0.89,890,2
,,0.8904,890.4,2
,,0.8908,890.8,2
,,0.8912,891.2,2
,,0.8916,891.6,2
,,0.892,892,1.6
,,0.8924,892.4,2
,,0.8928,892.8,2
,,0.8932,893.2,2
,,0.8936,893.6,1.6
,,0.894,894,1.6
,,0.8944,894.4,1.6
,,0.8948,894.8,1.6
,,0.8952,895.2,1.6
,,0.8956,895.6,1.6
,,0.896,896,1.6
,,0.8964,896.4,1.6
,,0.8968,896.8,1.6
,,0.8972,897.2,1.6
,,0.8976,897.6,1.6
,,0.898,898,1.6
,,0.8984,898.4,1.2
,,0.8988,898.8,1.6
,,0.8992,899.2,1.6
,,0.8996,899.6,1.2
,,0.9,900,1.6
,,0.9004,900.4,1.6
,,0.9008,900.8,1.6
,,0.9012,901.2,1.6
,,0.9016,901.6,1.6
,,0.902,902,1.6
,,0.9024,902.4,1.6
,,0.9028,902.8,1.2
,,0.9032,903.2,1.2
,,0.9036,903.6,1.6
,,0.904,904,1.2
,,0.9044,904.4,1.2
,,0.9048,904.8,1.2
,,0.9052,905.2,1.2
,,0.9056,905.6,0.8
,,0.906,906,1.2
,,0.9064,906.4,1.2
,,0.9068,906.8,1.2
,,0.9072,907.2,1.2
,,0.9076,907.6,1.2
,,0.908,908,0.8
,,0.9084,908.4,1.2
,,0.9088,908.8,0.8
,,0.9092,909.2,0.8
,,0.9096,909.6,0.8
,,0.91,910,0.8
,,0.9104,910.4,0.8
,,0.9108,910.8,0.8
,,0.9112,911.2,0.8
,,0.9116,911.6,0.8
,,0.912,912,0.8
,,0.9124,912.4,0.8
,,0.9128,912.8,0.8
,,0.9132,913.2,0.8
,,0.9136,913.6,0.8
,,0.914,914,0.4
,,0.9144,914.4,0.8
,,0.9148,914.8,0.8
,,0.9152,915.2,0.8
,,0.9156,915.6,0.4
,,0.916,916,0.4
,,0.9164,916.4,0.4
,,0.9168,916.8,0.4
,,0.9172,917.2,0.8
,,0.9176,917.6,0.4
,,0.918,918,0.4
,,0.9184,918.4,0.4
,,0.9188,918.8,0.4
,,0.9192,919.2,0.4
,,0.9196,919.6,0.4
,,0.92,920,0
,,0.9204,920.4,0.4
,,0.9208,920.8,0.4
,,0.9212,921.2,0.4
,,0.9216,921.6,0
,,0.922,922,0
,,0.9224,922.4,0.4
,,0.9228,922.8,0.4
,,0.9232,923.2,0.4
,,0.9236,923.6,0
,,0.924,924,0
,,0.9244,924.4,0
,,0.9248,924.8,0
,,0.9252,925.2,0
,,0.9256,925.6,0
,,0.926,926,0
,,0.9264,926.4,0
,,0.9268,926.8,0
,,0.9272,927.2,0
,,0.9276,927.6,-0.4
,,0.928,928,0
,,0.9284,928.4,-0.4
,,0.9288,928.8,-0.4
,,0.9292,929.2,0
,,0.9296,929.6,-0.4
,,0.93,930,-0.4
,,0.9304,930.4,-0.4
,,0.9308,930.8,-0.4
,,0.9312,931.2,-0.4
,,0.9316,931.6,-0.4
,,0.932,932,-0.4
,,0.9324,932.4,-0.4
,,0.9328,932.8,-0.8
,,0.9332,933.2,-0.8
,,0.9336,933.6,-0.8
,,0.934,934,-0.8
,,0.9344,934.4,-0.8
,,0.9348,934.8,-0.8
,,0.9352,935.2,-0.4
,,0.9356,935.6,-0.4
,,0.936,936,-0.8
,,0.9364,936.4,-0.8
,,0.9368,936.8,-0.8
,,0.9372,937.2,-0.4
,,0.9376,937.6,-0.8
,,0.938,938,-0.8
,,0.9384,938.4,-0.8
,,0.9388,938.8,-0.8
,,0.9392,939.2,-0.8
,,0.9396,939.6,-1.2
,,0.94,940,-1.2
,,0.9404,940.4,-1.2
,,0.9408,940.8,-1.2
,,0.9412,941.2,-0.8
,,0.9416,941.6,-0.8
,,0.942,942,-1.2
,,0.9424,942.4,-1.2
,,0.9428,942.8,-1.2
,,0.9432,943.2,-0.8
,,0.9436,943.6,-1.2
,,0.944,944,-1.2
,,0.9444,944.4,-1.2
,,0.9448,944.8,-1.2
,,0.9452,945.2,-1.2
,,0.9456,945.6,-1.2
,,0.946,946,-1.2
,,0.9464,946.4,-1.2
,,0.9468,946.8,-1.2
,,0.9472,947.2,-1.6
,,0.9476,947.6,-1.6
,,0.948,948,-1.2
,,0.9484,948.4,-1.6
,,0.9488,948.8,-1.6
,,0.9492,949.2,-1.6
,,0.9496,949.6,-1.6
,,0.95,950,-1.6
,,0.9504,950.4,-1.6
,,0.9508,950.8,-1.6
,,0.9512,951.2,-1.6
,,0.9516,951.6,-1.6
,,0.952,952,-1.6
,,0.9524,952.4,-1.6
,,0.9528,952.8,-1.6
,,0.9532,953.2,-2
,,0.9536,953.6,-2
,,0.954,954,-2
,,0.9544,954.4,-1.6
,,0.9548,954.8,-2
,,0.9552,955.2,-2
,,0.9556,955.6,-2
,,0.956,956,-2
,,0.9564,956.4,-2
,,0.9568,956.8,-2
,,0.9572,957.2,-2
,,0.9576,957.6,-2
,,0.958,958,-2
,,0.9584,958.4,-2
,,0.9588,958.8,-2
,,0.9592,959.2,-2
,,0.9596,959.6,-2.4
,,0.96,960,-2
,,0.9604,960.4,-2
,,0.9608,960.8,-2
,,0.9612,961.2,-2
,,0.9616,961.6,-2
,,0.962,962,-2
,,0.9624,962.4,-2
,,0.9628,962.8,-2.4
,,0.9632,963.2,-2
,,0.9636,963.6,-2.4
,,0.964,964,-2.4
,,0.9644,964.4,-2.4
,,0.9648,964.8,-2.4
,,0.9652,965.2,-2.4
,,0.9656,965.6,-2.4
,,0.966,966,-2.8
,,0.9664,966.4,-2.4
,,0.9668,966.8,-2
,,0.9672,967.2,-2.4
,,0.9676,967.6,-2.4
,,0.968,968,-2.4
,,0.9684,968.4,-2.4
,,0.9688,968.8,-2.8
,,0.9692,969.2,-2.8
,,0.9696,969.6,-2.4
,,0.97,970,-2.4
,,0.9704,970.4,-2.8
,,0.9708,970.8,-2.4
,,0.9712,971.2,-2.4
,,0.9716,971.6,-2.8
,,0.972,972,-2.8
,,0.9724,972.4,-2.8
,,0.9728,972.8,-2.4
,,0.9732,973.2,-2.8
,,0.9736,973.6,-2.8
,,0.974,974,-2.8
,,0.9744,974.4,-2.8
,,0.9748,974.8,-3.2
,,0.9752,975.2,-2.8
,,0.9756,975.6,-2.8
,,0.976,976,-2.8
,,0.9764,976.4,-3.2
,,0.9768,976.8,-2.8
,,0.9772,977.2,-2.8
,,0.9776,977.6,-3.2
,,0.978,978,-2.8
,,0.9784,978.4,-2.8
,,0.9788,978.8,-3.2
,,0.9792,979.2,-3.2
,,0.9796,979.6,-3.2
,,0.98,980,-3.2
,,0.9804,980.4,-3.2
,,0.9808,980.8,-2.8
,,0.9812,981.2,-3.2
,,0.9816,981.6,-3.6
,,0.982,982,-3.2
,,0.9824,982.4,-3.2
,,0.9828,982.8,-3.2
,,0.9832,983.2,-3.2
,,0.9836,983.6,-3.2
,,0.984,984,-3.2
,,0.9844,984.4,-3.6
,,0.9848,984.8,-3.2
,,0.9852,985.2,-3.2
,,0.9856,985.6,-3.2
,,0.986,986,-3.6
,,0.9864,986.4,-3.2
,,0.9868,986.8,-3.6
,,0.9872,987.2,-3.2
,,0.9876,987.6,-3.6
,,0.988,988,-3.6
,,0.9884,988.4,-3.2
,,0.9888,988.8,-3.2
,,0.9892,989.2,-3.6
,,0.9896,989.6,-3.2
,,0.99,990,-3.2
,,0.9904,990.4,-3.6
,,0.9908,990.8,-3.6
,,0.9912,991.2,-3.6
,,0.9916,991.6,-3.2
,,0.992,992,-3.6
,,0.9924,992.4,-3.6
,,0.9928,992.8,-3.6
,,0.9932,993.2,-3.2
,,0.9936,993.6,-3.6
,,0.994,994,-3.6
,,0.9944,994.4,-3.2
,,0.9948,994.8,-3.6
,,0.9952,995.2,-3.6
,,0.9956,995.6,-3.6
,,0.996,996,-4
,,0.9964,996.4,-3.6
,,0.9968,996.8,-3.6
,,0.9972,997.2,-4
,,0.9976,997.6,-3.6
,,0.998,998,-3.6
,,0.9984,998.4,-4
,,0.9988,998.8,-4
,,0.9992,999.2,-4
,,0.9996,999.6,-3.6
