Record Length,2.50E+03,-0.00072,0,-0.432,0.032,,
Sample Interval,4.00E-06,-0.000716,0.004,-0.44,0.024,,
Trigger Point,1.80E+02,-0.000712,0.008,-0.432,0.032,,
,,-0.000708,0.012,-0.44,0.024,,
,,-0.000704,0.016,-0.432,0.032,,
,,-0.0007,0.02,-0.432,0.032,,
Source,CH1,-0.000696,0.024,-0.44,0.024,,
Vertical Units,V,-0.000692,0.028,-0.44,0.024,,
Vertical Scale,2.00E-01,-0.000688,0.032,-0.44,0.024,,
Vertical Offset,0.00E+00,-0.000684,0.036,-0.432,0.032,,
Horizontal Units,s,-0.00068,0.04,-0.432,0.032,,
Horizontal Scale,1.00E-03,-0.000676,0.044,-0.432,0.032,,
Pt Fmt,Y,-0.000672,0.048,-0.432,0.032,,
Yzero,0.00E+00,-0.000668,0.052,-0.432,0.032,,
Probe Atten,1.00E+00,-0.000664,0.056,-0.432,0.032,,
Model Number,TDS2012B,-0.00066,0.06,-0.432,0.032,,
Serial Number,C052191,-0.000656,0.064,-0.432,0.032,,
Firmware Version,FV:v22.11,-0.000652,0.068,-0.432,0.032,,
,,-0.000648,0.072,-0.432,0.032,,
,,-0.000644,0.076,-0.424,0.04,,
,,-0.00064,0.08,-0.424,0.04,,
,,-0.000636,0.084,-0.432,0.032,,
,,-0.000632,0.088,-0.424,0.04,,
,,-0.000628,0.092,-0.424,0.04,,
,,-0.000624,0.096,-0.416,0.048,,
,,-0.00062,0.1,-0.416,0.048,,
,,-0.000616,0.104,-0.424,0.04,,
,,-0.000612,0.108,-0.416,0.048,,
,,-0.000608,0.112,-0.416,0.048,,
,,-0.000604,0.116,-0.416,0.048,,
,,-0.0006,0.12,-0.4,0.064,,
,,-0.000596,0.124,-0.408,0.056,,
,,-0.000592,0.128,-0.408,0.056,,
,,-0.000588,0.132,-0.408,0.056,,
,,-0.000584,0.136,-0.4,0.064,,
,,-0.00058,0.14,-0.4,0.064,,
,,-0.000576,0.144,-0.4,0.064,,
,,-0.000572,0.148,-0.392,0.072,,
,,-0.000568,0.152,-0.4,0.064,,
,,-0.000564,0.156,-0.392,0.072,,
,,-0.00056,0.16,-0.384,0.08,,
,,-0.000556,0.164,-0.392,0.072,,
,,-0.000552,0.168,-0.376,0.088,,
,,-0.000548,0.172,-0.376,0.088,,
,,-0.000544,0.176,-0.384,0.08,,
,,-0.00054,0.18,-0.376,0.088,,
,,-0.000536,0.184,-0.376,0.088,,
,,-0.000532,0.188,-0.368,0.096,,
,,-0.000528,0.192,-0.36,0.104,,
,,-0.000524,0.196,-0.368,0.096,,
,,-0.00052,0.2,-0.36,0.104,,
,,-0.000516,0.204,-0.36,0.104,,
,,-0.000512,0.208,-0.352,0.112,,
,,-0.000508,0.212,-0.352,0.112,,
,,-0.000504,0.216,-0.344,0.12,,
,,-0.0005,0.22,-0.336,0.128,,
,,-0.000496,0.224,-0.336,0.128,,
,,-0.000492,0.228,-0.336,0.128,,
,,-0.000488,0.232,-0.32,0.144,,
,,-0.000484,0.236,-0.328,0.136,,
,,-0.00048,0.24,-0.328,0.136,,
,,-0.000476,0.244,-0.32,0.144,,
,,-0.000472,0.248,-0.312,0.152,,
,,-0.000468,0.252,-0.312,0.152,,
,,-0.000464,0.256,-0.312,0.152,,
,,-0.00046,0.26,-0.304,0.16,,
,,-0.000456,0.264,-0.304,0.16,,
,,-0.000452,0.268,-0.288,0.176,,
,,-0.000448,0.272,-0.288,0.176,,
,,-0.000444,0.276,-0.288,0.176,,
,,-0.00044,0.28,-0.28,0.184,,
,,-0.000436,0.284,-0.28,0.184,,
,,-0.000432,0.288,-0.288,0.176,,
,,-0.000428,0.292,-0.272,0.192,,
,,-0.000424,0.296,-0.256,0.208,,
,,-0.00042,0.3,-0.264,0.2,,
,,-0.000416,0.304,-0.256,0.208,,
,,-0.000412,0.308,-0.248,0.216,,
,,-0.000408,0.312,-0.248,0.216,,
,,-0.000404,0.316,-0.248,0.216,,
,,-0.0004,0.32,-0.248,0.216,,
,,-0.000396,0.324,-0.24,0.224,,
,,-0.000392,0.328,-0.232,0.232,,
,,-0.000388,0.332,-0.24,0.224,,
,,-0.000384,0.336,-0.232,0.232,,
,,-0.00038,0.34,-0.224,0.24,,
,,-0.000376,0.344,-0.224,0.24,,
,,-0.000372,0.348,-0.224,0.24,,
,,-0.000368,0.352,-0.216,0.248,,
,,-0.000364,0.356,-0.208,0.256,,
,,-0.00036,0.36,-0.208,0.256,,
,,-0.000356,0.364,-0.208,0.256,,
,,-0.000352,0.368,-0.2,0.264,,
,,-0.000348,0.372,-0.2,0.264,,
,,-0.000344,0.376,-0.2,0.264,,
,,-0.00034,0.38,-0.184,0.28,,
,,-0.000336,0.384,-0.192,0.272,,
,,-0.000332,0.388,-0.192,0.272,,
,,-0.000328,0.392,-0.176,0.288,,
,,-0.000324,0.396,-0.176,0.288,,
,,-0.00032,0.4,-0.176,0.288,,
,,-0.000316,0.404,-0.168,0.296,,
,,-0.000312,0.408,-0.176,0.288,,
,,-0.000308,0.412,-0.168,0.296,,
,,-0.000304,0.416,-0.16,0.304,,
,,-0.0003,0.42,-0.16,0.304,,
,,-0.000296,0.424,-0.16,0.304,,
,,-0.000292,0.428,-0.144,0.32,,
,,-0.000288,0.432,-0.144,0.32,,
,,-0.000284,0.436,-0.144,0.32,,
,,-0.00028,0.44,-0.144,0.32,,
,,-0.000276,0.444,-0.136,0.328,,
,,-0.000272,0.448,-0.144,0.32,,
,,-0.000268,0.452,-0.128,0.336,,
,,-0.000264,0.456,-0.12,0.344,,
,,-0.00026,0.46,-0.128,0.336,,
,,-0.000256,0.464,-0.128,0.336,,
,,-0.000252,0.468,-0.12,0.344,,
,,-0.000248,0.472,-0.128,0.336,,
,,-0.000244,0.476,-0.12,0.344,,
,,-0.00024,0.48,-0.112,0.352,,
,,-0.000236,0.484,-0.112,0.352,,
,,-0.000232,0.488,-0.104,0.36,,
,,-0.000228,0.492,-0.096,0.368,,
,,-0.000224,0.496,-0.096,0.368,,
,,-0.00022,0.5,-0.096,0.368,,
,,-0.000216,0.504,-0.096,0.368,,
,,-0.000212,0.508,-0.088,0.376,,
,,-0.000208,0.512,-0.088,0.376,,
,,-0.000204,0.516,-0.08,0.384,,
,,-0.0002,0.52,-0.08,0.384,,
,,-0.000196,0.524,-0.08,0.384,,
,,-0.000192,0.528,-0.08,0.384,,
,,-0.000188,0.532,-0.072,0.392,,
,,-0.000184,0.536,-0.072,0.392,,
,,-0.00018,0.54,-0.072,0.392,,
,,-0.000176,0.544,-0.056,0.408,,
,,-0.000172,0.548,-0.064,0.4,,
,,-0.000168,0.552,-0.064,0.4,,
,,-0.000164,0.556,-0.056,0.408,,
,,-0.00016,0.56,-0.056,0.408,,
,,-0.000156,0.564,-0.056,0.408,,
,,-0.000152,0.568,-0.04,0.424,,
,,-0.000148,0.572,-0.048,0.416,,
,,-0.000144,0.576,-0.048,0.416,,
,,-0.00014,0.58,-0.04,0.424,,
,,-0.000136,0.584,-0.032,0.432,,
,,-0.000132,0.588,-0.04,0.424,,
,,-0.000128,0.592,-0.024,0.44,,
,,-0.000124,0.596,-0.032,0.432,,
,,-0.00012,0.6,-0.032,0.432,,
,,-0.000116,0.604,-0.024,0.44,,
,,-0.000112,0.608,-0.024,0.44,,
,,-0.000108,0.612,-0.016,0.448,,
,,-0.000104,0.616,-0.008,0.456,,
,,-0.0001,0.62,-0.016,0.448,,
,,-0.000096,0.624,-0.016,0.448,,
,,-0.000092,0.628,-0.008,0.456,,
,,-0.000088,0.632,-0.008,0.456,,
,,-0.000084,0.636,0,0.464,,
,,-0.00008,0.64,0,0.464,,
,,-0.000076,0.644,0.008,0.472,,
,,-0.000072,0.648,0,0.464,,
,,-0.000068,0.652,0.008,0.472,,
,,-0.000064,0.656,0.016,0.48,,
,,-0.00006,0.66,0.008,0.472,,
,,-0.000056,0.664,0.016,0.48,,
,,-0.000052,0.668,0.024,0.488,,
,,-0.000048,0.672,0.016,0.48,,
,,-0.000044,0.676,0.024,0.488,,
,,-0.00004,0.68,0.032,0.496,,
,,-0.000036,0.684,0.024,0.488,,
,,-0.000032,0.688,0.032,0.496,,
,,-0.000028,0.692,0.032,0.496,,
,,-0.000024,0.696,0.032,0.496,,
,,-0.00002,0.7,0.032,0.496,,
,,-0.000016,0.704,0.04,0.504,,
,,-0.000012,0.708,0.04,0.504,,
,,-0.000008,0.712,0.048,0.512,,
,,-0.000004,0.716,0.048,0.512,,
,,0,0.72,0.056,0.52,,
,,0.000004,0.724,0.048,0.512,,
,,0.000008,0.728,0.048,0.512,,
,,0.000012,0.732,0.056,0.52,,
,,0.000016,0.736,0.056,0.52,,
,,0.00002,0.74,0.048,0.512,,
,,0.000024,0.744,0.064,0.528,,
,,0.000028,0.748,0.064,0.528,,
,,0.000032,0.752,0.064,0.528,,
,,0.000036,0.756,0.072,0.536,,
,,0.00004,0.76,0.064,0.528,,
,,0.000044,0.764,0.072,0.536,,
,,0.000048,0.768,0.072,0.536,,
,,0.000052,0.772,0.08,0.544,,
,,0.000056,0.776,0.072,0.536,,
,,0.00006,0.78,0.08,0.544,,
,,0.000064,0.784,0.08,0.544,,
,,0.000068,0.788,0.088,0.552,,
,,0.000072,0.792,0.096,0.56,,
,,0.000076,0.796,0.096,0.56,,
,,0.00008,0.8,0.088,0.552,,
,,0.000084,0.804,0.096,0.56,,
,,0.000088,0.808,0.104,0.568,,
,,0.000092,0.812,0.096,0.56,,
,,0.000096,0.816,0.096,0.56,,
,,0.0001,0.82,0.104,0.568,,
,,0.000104,0.824,0.104,0.568,,
,,0.000108,0.828,0.112,0.576,,
,,0.000112,0.832,0.112,0.576,,
,,0.000116,0.836,0.112,0.576,,
,,0.00012,0.84,0.104,0.568,,
,,0.000124,0.844,0.12,0.584,,
,,0.000128,0.848,0.112,0.576,,
,,0.000132,0.852,0.112,0.576,,
,,0.000136,0.856,0.12,0.584,,
,,0.00014,0.86,0.12,0.584,,
,,0.000144,0.864,0.112,0.576,,
,,0.000148,0.868,0.128,0.592,,
,,0.000152,0.872,0.128,0.592,,
,,0.000156,0.876,0.12,0.584,,
,,0.00016,0.88,0.136,0.6,,
,,0.000164,0.884,0.136,0.6,,
,,0.000168,0.888,0.136,0.6,,
,,0.000172,0.892,0.136,0.6,,
,,0.000176,0.896,0.144,0.608,,
,,0.00018,0.9,0.136,0.6,,
,,0.000184,0.904,0.152,0.616,,
,,0.000188,0.908,0.144,0.608,,
,,0.000192,0.912,0.152,0.616,,
,,0.000196,0.916,0.152,0.616,,
,,0.0002,0.92,0.152,0.616,,
,,0.000204,0.924,0.152,0.616,,
,,0.000208,0.928,0.16,0.624,,
,,0.000212,0.932,0.16,0.624,,
,,0.000216,0.936,0.16,0.624,,
,,0.00022,0.94,0.152,0.616,,
,,0.000224,0.944,0.16,0.624,,
,,0.000228,0.948,0.16,0.624,,
,,0.000232,0.952,0.168,0.632,,
,,0.000236,0.956,0.168,0.632,,
,,0.00024,0.96,0.168,0.632,,
,,0.000244,0.964,0.16,0.624,,
,,0.000248,0.968,0.176,0.64,,
,,0.000252,0.972,0.176,0.64,,
,,0.000256,0.976,0.176,0.64,,
,,0.00026,0.98,0.176,0.64,,
,,0.000264,0.984,0.176,0.64,,
,,0.000268,0.988,0.176,0.64,,
,,0.000272,0.992,0.184,0.648,,
,,0.000276,0.996,0.184,0.648,,
,,0.00028,1,0.184,0.648,,
,,0.000284,1.004,0.192,0.656,,
,,0.000288,1.008,0.192,0.656,,
,,0.000292,1.012,0.192,0.656,,
,,0.000296,1.016,0.192,0.656,,
,,0.0003,1.02,0.192,0.656,,
,,0.000304,1.024,0.192,0.656,,
,,0.000308,1.028,0.2,0.664,,
,,0.000312,1.032,0.2,0.664,,
,,0.000316,1.036,0.2,0.664,,
,,0.00032,1.04,0.2,0.664,,
,,0.000324,1.044,0.2,0.664,,
,,0.000328,1.048,0.208,0.672,,
,,0.000332,1.052,0.2,0.664,,
,,0.000336,1.056,0.208,0.672,,
,,0.00034,1.06,0.208,0.672,,
,,0.000344,1.064,0.208,0.672,,
,,0.000348,1.068,0.216,0.68,,
,,0.000352,1.072,0.208,0.672,,
,,0.000356,1.076,0.224,0.688,,
,,0.00036,1.08,0.224,0.688,,
,,0.000364,1.084,0.224,0.688,,
,,0.000368,1.088,0.224,0.688,,
,,0.000372,1.092,0.224,0.688,,
,,0.000376,1.096,0.224,0.688,,
,,0.00038,1.1,0.224,0.688,,
,,0.000384,1.104,0.232,0.696,,
,,0.000388,1.108,0.232,0.696,,
,,0.000392,1.112,0.224,0.688,,
,,0.000396,1.116,0.232,0.696,,
,,0.0004,1.12,0.24,0.704,,
,,0.000404,1.124,0.24,0.704,,
,,0.000408,1.128,0.24,0.704,,
,,0.000412,1.132,0.24,0.704,,
,,0.000416,1.136,0.24,0.704,,
,,0.00042,1.14,0.24,0.704,,
,,0.000424,1.144,0.248,0.712,,
,,0.000428,1.148,0.24,0.704,,
,,0.000432,1.152,0.24,0.704,,
,,0.000436,1.156,0.248,0.712,,
,,0.00044,1.16,0.248,0.712,,
,,0.000444,1.164,0.248,0.712,,
,,0.000448,1.168,0.256,0.72,,
,,0.000452,1.172,0.248,0.712,,
,,0.000456,1.176,0.248,0.712,,
,,0.00046,1.18,0.256,0.72,,
,,0.000464,1.184,0.248,0.712,,
,,0.000468,1.188,0.264,0.728,,
,,0.000472,1.192,0.264,0.728,,
,,0.000476,1.196,0.256,0.72,,
,,0.00048,1.2,0.264,0.728,,
,,0.000484,1.204,0.264,0.728,,
,,0.000488,1.208,0.264,0.728,,
,,0.000492,1.212,0.272,0.736,,
,,0.000496,1.216,0.264,0.728,,
,,0.0005,1.22,0.272,0.736,,
,,0.000504,1.224,0.272,0.736,,
,,0.000508,1.228,0.272,0.736,,
,,0.000512,1.232,0.272,0.736,,
,,0.000516,1.236,0.28,0.744,,
,,0.00052,1.24,0.272,0.736,,
,,0.000524,1.244,0.28,0.744,,
,,0.000528,1.248,0.28,0.744,,
,,0.000532,1.252,0.272,0.736,,
,,0.000536,1.256,0.28,0.744,,
,,0.00054,1.26,0.28,0.744,,
,,0.000544,1.264,0.28,0.744,,
,,0.000548,1.268,0.288,0.752,,
,,0.000552,1.272,0.288,0.752,,
,,0.000556,1.276,0.288,0.752,,
,,0.00056,1.28,0.296,0.76,,
,,0.000564,1.284,0.288,0.752,,
,,0.000568,1.288,0.288,0.752,,
,,0.000572,1.292,0.296,0.76,,
,,0.000576,1.296,0.288,0.752,,
,,0.00058,1.3,0.288,0.752,,
,,0.000584,1.304,0.296,0.76,,
,,0.000588,1.308,0.296,0.76,,
,,0.000592,1.312,0.304,0.768,,
,,0.000596,1.316,0.296,0.76,,
,,0.0006,1.32,0.304,0.768,,
,,0.000604,1.324,0.304,0.768,,
,,0.000608,1.328,0.304,0.768,,
,,0.000612,1.332,0.304,0.768,,
,,0.000616,1.336,0.304,0.768,,
,,0.00062,1.34,0.304,0.768,,
,,0.000624,1.344,0.304,0.768,,
,,0.000628,1.348,0.304,0.768,,
,,0.000632,1.352,0.312,0.776,,
,,0.000636,1.356,0.312,0.776,,
,,0.00064,1.36,0.312,0.776,,
,,0.000644,1.364,0.304,0.768,,
,,0.000648,1.368,0.312,0.776,,
,,0.000652,1.372,0.312,0.776,,
,,0.000656,1.376,0.32,0.784,,
,,0.00066,1.38,0.32,0.784,,
,,0.000664,1.384,0.32,0.784,,
,,0.000668,1.388,0.32,0.784,,
,,0.000672,1.392,0.32,0.784,,
,,0.000676,1.396,0.328,0.792,,
,,0.00068,1.4,0.32,0.784,,
,,0.000684,1.404,0.32,0.784,,
,,0.000688,1.408,0.312,0.776,,
,,0.000692,1.412,0.32,0.784,,
,,0.000696,1.416,0.32,0.784,,
,,0.0007,1.42,0.32,0.784,,
,,0.000704,1.424,0.328,0.792,,
,,0.000708,1.428,0.328,0.792,,
,,0.000712,1.432,0.328,0.792,,
,,0.000716,1.436,0.328,0.792,,
,,0.00072,1.44,0.328,0.792,,
,,0.000724,1.444,0.328,0.792,,
,,0.000728,1.448,0.328,0.792,,
,,0.000732,1.452,0.328,0.792,,
,,0.000736,1.456,0.344,0.808,,
,,0.00074,1.46,0.336,0.8,,
,,0.000744,1.464,0.336,0.8,,
,,0.000748,1.468,0.336,0.8,,
,,0.000752,1.472,0.344,0.808,,
,,0.000756,1.476,0.336,0.8,,
,,0.00076,1.48,0.336,0.8,,
,,0.000764,1.484,0.336,0.8,,
,,0.000768,1.488,0.328,0.792,,
,,0.000772,1.492,0.336,0.8,,
,,0.000776,1.496,0.344,0.808,,
,,0.00078,1.5,0.344,0.808,,
,,0.000784,1.504,0.352,0.816,,
,,0.000788,1.508,0.352,0.816,,
,,0.000792,1.512,0.344,0.808,,
,,0.000796,1.516,0.352,0.816,,
,,0.0008,1.52,0.344,0.808,,
,,0.000804,1.524,0.352,0.816,,
,,0.000808,1.528,0.352,0.816,,
,,0.000812,1.532,0.352,0.816,,
,,0.000816,1.536,0.352,0.816,,
,,0.00082,1.54,0.352,0.816,,
,,0.000824,1.544,0.352,0.816,,
,,0.000828,1.548,0.352,0.816,,
,,0.000832,1.552,0.352,0.816,,
,,0.000836,1.556,0.36,0.824,,
,,0.00084,1.56,0.36,0.824,,
,,0.000844,1.564,0.352,0.816,,
,,0.000848,1.568,0.36,0.824,,
,,0.000852,1.572,0.36,0.824,,
,,0.000856,1.576,0.36,0.824,,
,,0.00086,1.58,0.36,0.824,,
,,0.000864,1.584,0.36,0.824,,
,,0.000868,1.588,0.368,0.832,,
,,0.000872,1.592,0.36,0.824,,
,,0.000876,1.596,0.368,0.832,,
,,0.00088,1.6,0.368,0.832,,
,,0.000884,1.604,0.368,0.832,,
,,0.000888,1.608,0.368,0.832,,
,,0.000892,1.612,0.368,0.832,,
,,0.000896,1.616,0.368,0.832,,
,,0.0009,1.62,0.368,0.832,,
,,0.000904,1.624,0.368,0.832,,
,,0.000908,1.628,0.376,0.84,,
,,0.000912,1.632,0.376,0.84,,
,,0.000916,1.636,0.368,0.832,,
,,0.00092,1.64,0.376,0.84,,
,,0.000924,1.644,0.368,0.832,,
,,0.000928,1.648,0.376,0.84,,
,,0.000932,1.652,0.368,0.832,,
,,0.000936,1.656,0.376,0.84,,
,,0.00094,1.66,0.376,0.84,,
,,0.000944,1.664,0.376,0.84,,
,,0.000948,1.668,0.376,0.84,,
,,0.000952,1.672,0.368,0.832,,
,,0.000956,1.676,0.376,0.84,,
,,0.00096,1.68,0.384,0.848,,
,,0.000964,1.684,0.376,0.84,,
,,0.000968,1.688,0.376,0.84,,
,,0.000972,1.692,0.376,0.84,,
,,0.000976,1.696,0.384,0.848,,
,,0.00098,1.7,0.384,0.848,,
,,0.000984,1.704,0.392,0.856,,
,,0.000988,1.708,0.384,0.848,,
,,0.000992,1.712,0.384,0.848,,
,,0.000996,1.716,0.384,0.848,,
,,0.001,1.72,0.392,0.856,,
,,0.001004,1.724,0.384,0.848,,
,,0.001008,1.728,0.384,0.848,,
,,0.001012,1.732,0.384,0.848,,
,,0.001016,1.736,0.384,0.848,,
,,0.00102,1.74,0.384,0.848,,
,,0.001024,1.744,0.384,0.848,,
,,0.001028,1.748,0.392,0.856,,
,,0.001032,1.752,0.392,0.856,,
,,0.001036,1.756,0.392,0.856,,
,,0.00104,1.76,0.392,0.856,,
,,0.001044,1.764,0.392,0.856,,
,,0.001048,1.768,0.392,0.856,,
,,0.001052,1.772,0.392,0.856,,
,,0.001056,1.776,0.392,0.856,,
,,0.00106,1.78,0.392,0.856,,
,,0.001064,1.784,0.392,0.856,,
,,0.001068,1.788,0.392,0.856,,
,,0.001072,1.792,0.392,0.856,,
,,0.001076,1.796,0.4,0.864,,
,,0.00108,1.8,0.392,0.856,,
,,0.001084,1.804,0.392,0.856,,
,,0.001088,1.808,0.4,0.864,,
,,0.001092,1.812,0.4,0.864,,
,,0.001096,1.816,0.392,0.856,,
,,0.0011,1.82,0.392,0.856,,
,,0.001104,1.824,0.392,0.856,,
,,0.001108,1.828,0.4,0.864,,
,,0.001112,1.832,0.4,0.864,,
,,0.001116,1.836,0.4,0.864,,
,,0.00112,1.84,0.4,0.864,,
,,0.001124,1.844,0.408,0.872,,
,,0.001128,1.848,0.408,0.872,,
,,0.001132,1.852,0.408,0.872,,
,,0.001136,1.856,0.4,0.864,,
,,0.00114,1.86,0.4,0.864,,
,,0.001144,1.864,0.408,0.872,,
,,0.001148,1.868,0.408,0.872,,
,,0.001152,1.872,0.408,0.872,,
,,0.001156,1.876,0.4,0.864,,
,,0.00116,1.88,0.408,0.872,,
,,0.001164,1.884,0.408,0.872,,
,,0.001168,1.888,0.408,0.872,,
,,0.001172,1.892,0.408,0.872,,
,,0.001176,1.896,0.408,0.872,,
,,0.00118,1.9,0.408,0.872,,
,,0.001184,1.904,0.416,0.88,,
,,0.001188,1.908,0.416,0.88,,
,,0.001192,1.912,0.408,0.872,,
,,0.001196,1.916,0.416,0.88,,
,,0.0012,1.92,0.408,0.872,,
,,0.001204,1.924,0.416,0.88,,
,,0.001208,1.928,0.416,0.88,,
,,0.001212,1.932,0.416,0.88,,
,,0.001216,1.936,0.416,0.88,,
,,0.00122,1.94,0.416,0.88,,
,,0.001224,1.944,0.416,0.88,,
,,0.001228,1.948,0.408,0.872,,
,,0.001232,1.952,0.416,0.88,,
,,0.001236,1.956,0.416,0.88,,
,,0.00124,1.96,0.416,0.88,,
,,0.001244,1.964,0.416,0.88,,
,,0.001248,1.968,0.416,0.88,,
,,0.001252,1.972,0.416,0.88,,
,,0.001256,1.976,0.416,0.88,,
,,0.00126,1.98,0.416,0.88,,
,,0.001264,1.984,0.424,0.888,,
,,0.001268,1.988,0.424,0.888,,
,,0.001272,1.992,0.424,0.888,,
,,0.001276,1.996,0.424,0.888,,
,,0.00128,2,0.424,0.888,,
,,0.001284,2.004,0.416,0.88,,
,,0.001288,2.008,0.416,0.88,,
,,0.001292,2.012,0.424,0.888,,
,,0.001296,2.016,0.424,0.888,,
,,0.0013,2.02,0.424,0.888,,
,,0.001304,2.024,0.416,0.88,,
,,0.001308,2.028,0.424,0.888,,
,,0.001312,2.032,0.424,0.888,,
,,0.001316,2.036,0.424,0.888,,
,,0.00132,2.04,0.424,0.888,,
,,0.001324,2.044,0.424,0.888,,
,,0.001328,2.048,0.424,0.888,,
,,0.001332,2.052,0.424,0.888,,
,,0.001336,2.056,0.424,0.888,,
,,0.00134,2.06,0.432,0.896,,
,,0.001344,2.064,0.424,0.888,,
,,0.001348,2.068,0.424,0.888,,
,,0.001352,2.072,0.432,0.896,,
,,0.001356,2.076,0.432,0.896,,
,,0.00136,2.08,0.432,0.896,,
,,0.001364,2.084,0.432,0.896,,
,,0.001368,2.088,0.432,0.896,,
,,0.001372,2.092,0.432,0.896,,
,,0.001376,2.096,0.432,0.896,,
,,0.00138,2.1,0.432,0.896,,
,,0.001384,2.104,0.432,0.896,,
,,0.001388,2.108,0.432,0.896,,
,,0.001392,2.112,0.432,0.896,,
,,0.001396,2.116,0.432,0.896,,
,,0.0014,2.12,0.432,0.896,,
,,0.001404,2.124,0.432,0.896,,
,,0.001408,2.128,0.432,0.896,,
,,0.001412,2.132,0.432,0.896,,
,,0.001416,2.136,0.432,0.896,,
,,0.00142,2.14,0.432,0.896,,
,,0.001424,2.144,0.432,0.896,,
,,0.001428,2.148,0.432,0.896,,
,,0.001432,2.152,0.432,0.896,,
,,0.001436,2.156,0.432,0.896,,
,,0.00144,2.16,0.432,0.896,,
,,0.001444,2.164,0.432,0.896,,
,,0.001448,2.168,0.44,0.904,,
,,0.001452,2.172,0.432,0.896,,
,,0.001456,2.176,0.432,0.896,,
,,0.00146,2.18,0.44,0.904,,
,,0.001464,2.184,0.44,0.904,,
,,0.001468,2.188,0.44,0.904,,
,,0.001472,2.192,0.44,0.904,,
,,0.001476,2.196,0.44,0.904,,
,,0.00148,2.2,0.44,0.904,,
,,0.001484,2.204,0.44,0.904,,
,,0.001488,2.208,0.44,0.904,,
,,0.001492,2.212,0.44,0.904,,
,,0.001496,2.216,0.44,0.904,,
,,0.0015,2.22,0.44,0.904,,
,,0.001504,2.224,0.44,0.904,,
,,0.001508,2.228,0.44,0.904,,
,,0.001512,2.232,0.44,0.904,,
,,0.001516,2.236,0.44,0.904,,
,,0.00152,2.24,0.44,0.904,,
,,0.001524,2.244,0.44,0.904,,
,,0.001528,2.248,0.44,0.904,,
,,0.001532,2.252,0.44,0.904,,
,,0.001536,2.256,0.44,0.904,,
,,0.00154,2.26,0.44,0.904,,
,,0.001544,2.264,0.44,0.904,,
,,0.001548,2.268,0.44,0.904,,
,,0.001552,2.272,0.448,0.912,,
,,0.001556,2.276,0.448,0.912,,
,,0.00156,2.28,0.44,0.904,,
,,0.001564,2.284,0.44,0.904,,
,,0.001568,2.288,0.44,0.904,,
,,0.001572,2.292,0.44,0.904,,
,,0.001576,2.296,0.448,0.912,,
,,0.00158,2.3,0.448,0.912,,
,,0.001584,2.304,0.448,0.912,,
,,0.001588,2.308,0.44,0.904,,
,,0.001592,2.312,0.44,0.904,,
,,0.001596,2.316,0.44,0.904,,
,,0.0016,2.32,0.448,0.912,,
,,0.001604,2.324,0.448,0.912,,
,,0.001608,2.328,0.44,0.904,,
,,0.001612,2.332,0.44,0.904,,
,,0.001616,2.336,0.44,0.904,,
,,0.00162,2.34,0.448,0.912,,
,,0.001624,2.344,0.44,0.904,,
,,0.001628,2.348,0.448,0.912,,
,,0.001632,2.352,0.448,0.912,,
,,0.001636,2.356,0.448,0.912,,
,,0.00164,2.36,0.44,0.904,,
,,0.001644,2.364,0.448,0.912,,
,,0.001648,2.368,0.44,0.904,,
,,0.001652,2.372,0.44,0.904,,
,,0.001656,2.376,0.448,0.912,,
,,0.00166,2.38,0.448,0.912,,
,,0.001664,2.384,0.448,0.912,,
,,0.001668,2.388,0.448,0.912,,
,,0.001672,2.392,0.448,0.912,,
,,0.001676,2.396,0.448,0.912,,
,,0.00168,2.4,0.44,0.904,,
,,0.001684,2.404,0.448,0.912,,
,,0.001688,2.408,0.448,0.912,,
,,0.001692,2.412,0.448,0.912,,
,,0.001696,2.416,0.448,0.912,,
,,0.0017,2.42,0.448,0.912,,
,,0.001704,2.424,0.456,0.92,,
,,0.001708,2.428,0.456,0.92,,
,,0.001712,2.432,0.456,0.92,,
,,0.001716,2.436,0.456,0.92,,
,,0.00172,2.44,0.456,0.92,,
,,0.001724,2.444,0.448,0.912,,
,,0.001728,2.448,0.456,0.92,,
,,0.001732,2.452,0.448,0.912,,
,,0.001736,2.456,0.456,0.92,,
,,0.00174,2.46,0.456,0.92,,
,,0.001744,2.464,0.456,0.92,,
,,0.001748,2.468,0.448,0.912,,
,,0.001752,2.472,0.456,0.92,,
,,0.001756,2.476,0.456,0.92,,
,,0.00176,2.48,0.456,0.92,,
,,0.001764,2.484,0.456,0.92,,
,,0.001768,2.488,0.456,0.92,,
,,0.001772,2.492,0.456,0.92,,
,,0.001776,2.496,0.456,0.92,,
,,0.00178,2.5,0.448,0.912,,
,,0.001784,2.504,0.456,0.92,,
,,0.001788,2.508,0.448,0.912,,
,,0.001792,2.512,0.456,0.92,,
,,0.001796,2.516,0.456,0.92,,
,,0.0018,2.52,0.456,0.92,,
,,0.001804,2.524,0.456,0.92,,
,,0.001808,2.528,0.456,0.92,,
,,0.001812,2.532,0.448,0.912,,
,,0.001816,2.536,0.448,0.912,,
,,0.00182,2.54,0.456,0.92,,
,,0.001824,2.544,0.448,0.912,,
,,0.001828,2.548,0.456,0.92,,
,,0.001832,2.552,0.456,0.92,,
,,0.001836,2.556,0.456,0.92,,
,,0.00184,2.56,0.456,0.92,,
,,0.001844,2.564,0.464,0.928,,
,,0.001848,2.568,0.456,0.92,,
,,0.001852,2.572,0.456,0.92,,
,,0.001856,2.576,0.456,0.92,,
,,0.00186,2.58,0.456,0.92,,
,,0.001864,2.584,0.456,0.92,,
,,0.001868,2.588,0.456,0.92,,
,,0.001872,2.592,0.456,0.92,,
,,0.001876,2.596,0.456,0.92,,
,,0.00188,2.6,0.456,0.92,,
,,0.001884,2.604,0.456,0.92,,
,,0.001888,2.608,0.456,0.92,,
,,0.001892,2.612,0.456,0.92,,
,,0.001896,2.616,0.456,0.92,,
,,0.0019,2.62,0.456,0.92,,
,,0.001904,2.624,0.456,0.92,,
,,0.001908,2.628,0.456,0.92,,
,,0.001912,2.632,0.456,0.92,,
,,0.001916,2.636,0.456,0.92,,
,,0.00192,2.64,0.464,0.928,,
,,0.001924,2.644,0.456,0.92,,
,,0.001928,2.648,0.464,0.928,,
,,0.001932,2.652,0.456,0.92,,
,,0.001936,2.656,0.456,0.92,,
,,0.00194,2.66,0.456,0.92,,
,,0.001944,2.664,0.456,0.92,,
,,0.001948,2.668,0.456,0.92,,
,,0.001952,2.672,0.456,0.92,,
,,0.001956,2.676,0.464,0.928,,
,,0.00196,2.68,0.456,0.92,,
,,0.001964,2.684,0.456,0.92,,
,,0.001968,2.688,0.464,0.928,,
,,0.001972,2.692,0.456,0.92,,
,,0.001976,2.696,0.464,0.928,,
,,0.00198,2.7,0.456,0.92,,
,,0.001984,2.704,0.464,0.928,,
,,0.001988,2.708,0.456,0.92,,
,,0.001992,2.712,0.456,0.92,,
,,0.001996,2.716,0.456,0.92,,
,,0.002,2.72,0.456,0.92,,
,,0.002004,2.724,0.464,0.928,,
,,0.002008,2.728,0.464,0.928,,
,,0.002012,2.732,0.464,0.928,,
,,0.002016,2.736,0.464,0.928,,
,,0.00202,2.74,0.464,0.928,,
,,0.002024,2.744,0.464,0.928,,
,,0.002028,2.748,0.456,0.92,,
,,0.002032,2.752,0.456,0.92,,
,,0.002036,2.756,0.456,0.92,,
,,0.00204,2.76,0.456,0.92,,
,,0.002044,2.764,0.464,0.928,,
,,0.002048,2.768,0.464,0.928,,
,,0.002052,2.772,0.464,0.928,,
,,0.002056,2.776,0.464,0.928,,
,,0.00206,2.78,0.456,0.92,,
,,0.002064,2.784,0.464,0.928,,
,,0.002068,2.788,0.464,0.928,,
,,0.002072,2.792,0.456,0.92,,
,,0.002076,2.796,0.456,0.92,,
,,0.00208,2.8,0.464,0.928,,
,,0.002084,2.804,0.456,0.92,,
,,0.002088,2.808,0.456,0.92,,
,,0.002092,2.812,0.464,0.928,,
,,0.002096,2.816,0.456,0.92,,
,,0.0021,2.82,0.456,0.92,,
,,0.002104,2.824,0.464,0.928,,
,,0.002108,2.828,0.464,0.928,,
,,0.002112,2.832,0.456,0.92,,
,,0.002116,2.836,0.456,0.92,,
,,0.00212,2.84,0.456,0.92,,
,,0.002124,2.844,0.464,0.928,,
,,0.002128,2.848,0.464,0.928,,
,,0.002132,2.852,0.456,0.92,,
,,0.002136,2.856,0.456,0.92,,
,,0.00214,2.86,0.456,0.92,,
,,0.002144,2.864,0.456,0.92,,
,,0.002148,2.868,0.464,0.928,,
,,0.002152,2.872,0.464,0.928,,
,,0.002156,2.876,0.464,0.928,,
,,0.00216,2.88,0.456,0.92,,
,,0.002164,2.884,0.456,0.92,,
,,0.002168,2.888,0.456,0.92,,
,,0.002172,2.892,0.464,0.928,,
,,0.002176,2.896,0.456,0.92,,
,,0.00218,2.9,0.464,0.928,,
,,0.002184,2.904,0.456,0.92,,
,,0.002188,2.908,0.456,0.92,,
,,0.002192,2.912,0.456,0.92,,
,,0.002196,2.916,0.456,0.92,,
,,0.0022,2.92,0.464,0.928,,
,,0.002204,2.924,0.464,0.928,,
,,0.002208,2.928,0.464,0.928,,
,,0.002212,2.932,0.456,0.92,,
,,0.002216,2.936,0.464,0.928,,
,,0.00222,2.94,0.456,0.92,,
,,0.002224,2.944,0.464,0.928,,
,,0.002228,2.948,0.456,0.92,,
,,0.002232,2.952,0.456,0.92,,
,,0.002236,2.956,0.456,0.92,,
,,0.00224,2.96,0.464,0.928,,
,,0.002244,2.964,0.464,0.928,,
,,0.002248,2.968,0.456,0.92,,
,,0.002252,2.972,0.464,0.928,,
,,0.002256,2.976,0.464,0.928,,
,,0.00226,2.98,0.464,0.928,,
,,0.002264,2.984,0.464,0.928,,
,,0.002268,2.988,0.464,0.928,,
,,0.002272,2.992,0.456,0.92,,
,,0.002276,2.996,0.456,0.92,,
,,0.00228,3,0.456,0.92,,
,,0.002284,3.004,0.464,0.928,,
,,0.002288,3.008,0.464,0.928,,
,,0.002292,3.012,0.456,0.92,,
,,0.002296,3.016,0.464,0.928,,
,,0.0023,3.02,0.464,0.928,,
,,0.002304,3.024,0.456,0.92,,
,,0.002308,3.028,0.456,0.92,,
,,0.002312,3.032,0.456,0.92,,
,,0.002316,3.036,0.456,0.92,,
,,0.00232,3.04,0.464,0.928,,
,,0.002324,3.044,0.456,0.92,,
,,0.002328,3.048,0.456,0.92,,
,,0.002332,3.052,0.456,0.92,,
,,0.002336,3.056,0.464,0.928,,
,,0.00234,3.06,0.464,0.928,,
,,0.002344,3.064,0.464,0.928,,
,,0.002348,3.068,0.456,0.92,,
,,0.002352,3.072,0.456,0.92,,
,,0.002356,3.076,0.464,0.928,,
,,0.00236,3.08,0.456,0.92,,
,,0.002364,3.084,0.456,0.92,,
,,0.002368,3.088,0.464,0.928,,
,,0.002372,3.092,0.464,0.928,,
,,0.002376,3.096,0.456,0.92,,
,,0.00238,3.1,0.456,0.92,,
,,0.002384,3.104,0.464,0.928,,
,,0.002388,3.108,0.456,0.92,,
,,0.002392,3.112,0.464,0.928,,
,,0.002396,3.116,0.464,0.928,,
,,0.0024,3.12,0.456,0.92,,
,,0.002404,3.124,0.456,0.92,,
,,0.002408,3.128,0.456,0.92,,
,,0.002412,3.132,0.456,0.92,,
,,0.002416,3.136,0.456,0.92,,
,,0.00242,3.14,0.456,0.92,,
,,0.002424,3.144,0.456,0.92,,
,,0.002428,3.148,0.456,0.92,,
,,0.002432,3.152,0.456,0.92,,
,,0.002436,3.156,0.456,0.92,,
,,0.00244,3.16,0.456,0.92,,
,,0.002444,3.164,0.456,0.92,,
,,0.002448,3.168,0.456,0.92,,
,,0.002452,3.172,0.456,0.92,,
,,0.002456,3.176,0.456,0.92,,
,,0.00246,3.18,0.456,0.92,,
,,0.002464,3.184,0.456,0.92,,
,,0.002468,3.188,0.464,0.928,,
,,0.002472,3.192,0.464,0.928,,
,,0.002476,3.196,0.464,0.928,,
,,0.00248,3.2,0.464,0.928,,
,,0.002484,3.204,0.456,0.92,,
,,0.002488,3.208,0.456,0.92,,
,,0.002492,3.212,0.456,0.92,,
,,0.002496,3.216,0.456,0.92,,
,,0.0025,3.22,0.464,0.928,,
,,0.002504,3.224,0.456,0.92,,
,,0.002508,3.228,0.456,0.92,,
,,0.002512,3.232,0.456,0.92,,
,,0.002516,3.236,0.456,0.92,,
,,0.00252,3.24,0.464,0.928,,
,,0.002524,3.244,0.464,0.928,,
,,0.002528,3.248,0.456,0.92,,
,,0.002532,3.252,0.456,0.92,,
,,0.002536,3.256,0.456,0.92,,
,,0.00254,3.26,0.456,0.92,,
,,0.002544,3.264,0.464,0.928,,
,,0.002548,3.268,0.456,0.92,,
,,0.002552,3.272,0.456,0.92,,
,,0.002556,3.276,0.456,0.92,,
,,0.00256,3.28,0.448,0.912,,
,,0.002564,3.284,0.456,0.92,,
,,0.002568,3.288,0.456,0.92,,
,,0.002572,3.292,0.456,0.92,,
,,0.002576,3.296,0.456,0.92,,
,,0.00258,3.3,0.456,0.92,,
,,0.002584,3.304,0.456,0.92,,
,,0.002588,3.308,0.456,0.92,,
,,0.002592,3.312,0.456,0.92,,
,,0.002596,3.316,0.456,0.92,,
,,0.0026,3.32,0.456,0.92,,
,,0.002604,3.324,0.456,0.92,,
,,0.002608,3.328,0.456,0.92,,
,,0.002612,3.332,0.456,0.92,,
,,0.002616,3.336,0.456,0.92,,
,,0.00262,3.34,0.456,0.92,,
,,0.002624,3.344,0.456,0.92,,
,,0.002628,3.348,0.456,0.92,,
,,0.002632,3.352,0.456,0.92,,
,,0.002636,3.356,0.456,0.92,,
,,0.00264,3.36,0.456,0.92,,
,,0.002644,3.364,0.456,0.92,,
,,0.002648,3.368,0.448,0.912,,
,,0.002652,3.372,0.464,0.928,,
,,0.002656,3.376,0.456,0.92,,
,,0.00266,3.38,0.456,0.92,,
,,0.002664,3.384,0.456,0.92,,
,,0.002668,3.388,0.456,0.92,,
,,0.002672,3.392,0.448,0.912,,
,,0.002676,3.396,0.456,0.92,,
,,0.00268,3.4,0.456,0.92,,
,,0.002684,3.404,0.456,0.92,,
,,0.002688,3.408,0.456,0.92,,
,,0.002692,3.412,0.448,0.912,,
,,0.002696,3.416,0.456,0.92,,
,,0.0027,3.42,0.456,0.92,,
,,0.002704,3.424,0.456,0.92,,
,,0.002708,3.428,0.456,0.92,,
,,0.002712,3.432,0.456,0.92,,
,,0.002716,3.436,0.456,0.92,,
,,0.00272,3.44,0.456,0.92,,
,,0.002724,3.444,0.456,0.92,,
,,0.002728,3.448,0.456,0.92,,
,,0.002732,3.452,0.448,0.912,,
,,0.002736,3.456,0.456,0.92,,
,,0.00274,3.46,0.456,0.92,,
,,0.002744,3.464,0.456,0.92,,
,,0.002748,3.468,0.448,0.912,,
,,0.002752,3.472,0.456,0.92,,
,,0.002756,3.476,0.448,0.912,,
,,0.00276,3.48,0.456,0.92,,
,,0.002764,3.484,0.456,0.92,,
,,0.002768,3.488,0.456,0.92,,
,,0.002772,3.492,0.456,0.92,,
,,0.002776,3.496,0.448,0.912,,
,,0.00278,3.5,0.448,0.912,,
,,0.002784,3.504,0.456,0.92,,
,,0.002788,3.508,0.456,0.92,,
,,0.002792,3.512,0.448,0.912,,
,,0.002796,3.516,0.448,0.912,,
,,0.0028,3.52,0.456,0.92,,
,,0.002804,3.524,0.448,0.912,,
,,0.002808,3.528,0.448,0.912,,
,,0.002812,3.532,0.448,0.912,,
,,0.002816,3.536,0.44,0.904,,
,,0.00282,3.54,0.448,0.912,,
,,0.002824,3.544,0.44,0.904,,
,,0.002828,3.548,0.448,0.912,,
,,0.002832,3.552,0.448,0.912,,
,,0.002836,3.556,0.448,0.912,,
,,0.00284,3.56,0.448,0.912,,
,,0.002844,3.564,0.456,0.92,,
,,0.002848,3.568,0.448,0.912,,
,,0.002852,3.572,0.448,0.912,,
,,0.002856,3.576,0.448,0.912,,
,,0.00286,3.58,0.456,0.92,,
,,0.002864,3.584,0.448,0.912,,
,,0.002868,3.588,0.448,0.912,,
,,0.002872,3.592,0.448,0.912,,
,,0.002876,3.596,0.448,0.912,,
,,0.00288,3.6,0.448,0.912,,
,,0.002884,3.604,0.448,0.912,,
,,0.002888,3.608,0.448,0.912,,
,,0.002892,3.612,0.448,0.912,,
,,0.002896,3.616,0.448,0.912,,
,,0.0029,3.62,0.448,0.912,,
,,0.002904,3.624,0.448,0.912,,
,,0.002908,3.628,0.456,0.92,,
,,0.002912,3.632,0.456,0.92,,
,,0.002916,3.636,0.44,0.904,,
,,0.00292,3.64,0.456,0.92,,
,,0.002924,3.644,0.448,0.912,,
,,0.002928,3.648,0.448,0.912,,
,,0.002932,3.652,0.448,0.912,,
,,0.002936,3.656,0.448,0.912,,
,,0.00294,3.66,0.448,0.912,,
,,0.002944,3.664,0.44,0.904,,
,,0.002948,3.668,0.448,0.912,,
,,0.002952,3.672,0.44,0.904,,
,,0.002956,3.676,0.448,0.912,,
,,0.00296,3.68,0.448,0.912,,
,,0.002964,3.684,0.44,0.904,,
,,0.002968,3.688,0.44,0.904,,
,,0.002972,3.692,0.44,0.904,,
,,0.002976,3.696,0.448,0.912,,
,,0.00298,3.7,0.44,0.904,,
,,0.002984,3.704,0.448,0.912,,
,,0.002988,3.708,0.44,0.904,,
,,0.002992,3.712,0.44,0.904,,
,,0.002996,3.716,0.448,0.912,,
,,0.003,3.72,0.448,0.912,,
,,0.003004,3.724,0.448,0.912,,
,,0.003008,3.728,0.44,0.904,,
,,0.003012,3.732,0.44,0.904,,
,,0.003016,3.736,0.448,0.912,,
,,0.00302,3.74,0.44,0.904,,
,,0.003024,3.744,0.44,0.904,,
,,0.003028,3.748,0.448,0.912,,
,,0.003032,3.752,0.44,0.904,,
,,0.003036,3.756,0.448,0.912,,
,,0.00304,3.76,0.44,0.904,,
,,0.003044,3.764,0.44,0.904,,
,,0.003048,3.768,0.448,0.912,,
,,0.003052,3.772,0.44,0.904,,
,,0.003056,3.776,0.448,0.912,,
,,0.00306,3.78,0.44,0.904,,
,,0.003064,3.784,0.44,0.904,,
,,0.003068,3.788,0.44,0.904,,
,,0.003072,3.792,0.448,0.912,,
,,0.003076,3.796,0.44,0.904,,
,,0.00308,3.8,0.448,0.912,,
,,0.003084,3.804,0.44,0.904,,
,,0.003088,3.808,0.44,0.904,,
,,0.003092,3.812,0.44,0.904,,
,,0.003096,3.816,0.44,0.904,,
,,0.0031,3.82,0.44,0.904,,
,,0.003104,3.824,0.44,0.904,,
,,0.003108,3.828,0.448,0.912,,
,,0.003112,3.832,0.44,0.904,,
,,0.003116,3.836,0.44,0.904,,
,,0.00312,3.84,0.448,0.912,,
,,0.003124,3.844,0.44,0.904,,
,,0.003128,3.848,0.44,0.904,,
,,0.003132,3.852,0.44,0.904,,
,,0.003136,3.856,0.448,0.912,,
,,0.00314,3.86,0.44,0.904,,
,,0.003144,3.864,0.44,0.904,,
,,0.003148,3.868,0.448,0.912,,
,,0.003152,3.872,0.44,0.904,,
,,0.003156,3.876,0.448,0.912,,
,,0.00316,3.88,0.44,0.904,,
,,0.003164,3.884,0.44,0.904,,
,,0.003168,3.888,0.44,0.904,,
,,0.003172,3.892,0.44,0.904,,
,,0.003176,3.896,0.44,0.904,,
,,0.00318,3.9,0.44,0.904,,
,,0.003184,3.904,0.44,0.904,,
,,0.003188,3.908,0.432,0.896,0.329619979,
,,0.003192,3.912,0.432,0.896,,
,,0.003196,3.916,0.432,0.896,,
,,0.0032,3.92,0.432,0.896,,
,,0.003204,3.924,0.432,0.896,,
,,0.003208,3.928,0.432,0.896,,
,,0.003212,3.932,0.432,0.896,,
,,0.003216,3.936,0.432,0.896,,
,,0.00322,3.94,0.432,0.896,,
,,0.003224,3.944,0.424,0.888,,
,,0.003228,3.948,0.424,0.888,,
,,0.003232,3.952,0.424,0.888,,
,,0.003236,3.956,0.416,0.88,,
,,0.00324,3.96,0.416,0.88,,
,,0.003244,3.964,0.416,0.88,,
,,0.003248,3.968,0.416,0.88,,
,,0.003252,3.972,0.416,0.88,,
,,0.003256,3.976,0.416,0.88,,
,,0.00326,3.98,0.416,0.88,,
,,0.003264,3.984,0.408,0.872,,
,,0.003268,3.988,0.408,0.872,,
,,0.003272,3.992,0.4,0.864,,
,,0.003276,3.996,0.4,0.864,,
,,0.00328,4,0.4,0.864,,
,,0.003284,4.004,0.392,0.856,,
,,0.003288,4.008,0.392,0.856,,
,,0.003292,4.012,0.392,0.856,,
,,0.003296,4.016,0.384,0.848,,
,,0.0033,4.02,0.376,0.84,,
,,0.003304,4.024,0.376,0.84,,
,,0.003308,4.028,0.376,0.84,,
,,0.003312,4.032,0.376,0.84,,
,,0.003316,4.036,0.376,0.84,,
,,0.00332,4.04,0.368,0.832,,
,,0.003324,4.044,0.368,0.832,,
,,0.003328,4.048,0.36,0.824,,
,,0.003332,4.052,0.368,0.832,,
,,0.003336,4.056,0.36,0.824,,
,,0.00334,4.06,0.352,0.816,,
,,0.003344,4.064,0.36,0.824,,
,,0.003348,4.068,0.344,0.808,0.297246588,
,,0.003352,4.072,0.344,0.808,,
,,0.003356,4.076,0.344,0.808,,
,,0.00336,4.08,0.328,0.792,,
,,0.003364,4.084,0.328,0.792,,
,,0.003368,4.088,0.328,0.792,,
,,0.003372,4.092,0.32,0.784,,
,,0.003376,4.096,0.32,0.784,,
,,0.00338,4.1,0.312,0.776,,
,,0.003384,4.104,0.304,0.768,,
,,0.003388,4.108,0.304,0.768,,
,,0.003392,4.112,0.304,0.768,,
,,0.003396,4.116,0.304,0.768,,
,,0.0034,4.12,0.296,0.76,,
,,0.003404,4.124,0.304,0.768,,
,,0.003408,4.128,0.288,0.752,,
,,0.003412,4.132,0.288,0.752,,
,,0.003416,4.136,0.288,0.752,,
,,0.00342,4.14,0.28,0.744,,
,,0.003424,4.144,0.272,0.736,,
,,0.003428,4.148,0.272,0.736,,
,,0.003432,4.152,0.272,0.736,,
,,0.003436,4.156,0.256,0.72,,
,,0.00344,4.16,0.264,0.728,,
,,0.003444,4.164,0.256,0.72,,
,,0.003448,4.168,0.248,0.712,,
,,0.003452,4.172,0.24,0.704,,
,,0.003456,4.176,0.24,0.704,,
,,0.00346,4.18,0.232,0.696,,
,,0.003464,4.184,0.232,0.696,,
,,0.003468,4.188,0.24,0.704,,
,,0.003472,4.192,0.224,0.688,,
,,0.003476,4.196,0.224,0.688,,
,,0.00348,4.2,0.224,0.688,,
,,0.003484,4.204,0.208,0.672,,
,,0.003488,4.208,0.208,0.672,,
,,0.003492,4.212,0.208,0.672,,
,,0.003496,4.216,0.2,0.664,,
,,0.0035,4.22,0.2,0.664,,
,,0.003504,4.224,0.2,0.664,,
,,0.003508,4.228,0.192,0.656,,
,,0.003512,4.232,0.192,0.656,,
,,0.003516,4.236,0.184,0.648,,
,,0.00352,4.24,0.192,0.656,,
,,0.003524,4.244,0.176,0.64,,
,,0.003528,4.248,0.184,0.648,,
,,0.003532,4.252,0.176,0.64,,
,,0.003536,4.256,0.168,0.632,,
,,0.00354,4.26,0.16,0.624,,
,,0.003544,4.264,0.168,0.632,,
,,0.003548,4.268,0.16,0.624,,
,,0.003552,4.272,0.16,0.624,,
,,0.003556,4.276,0.16,0.624,,
,,0.00356,4.28,0.16,0.624,,
,,0.003564,4.284,0.144,0.608,,
,,0.003568,4.288,0.144,0.608,,
,,0.003572,4.292,0.136,0.6,,
,,0.003576,4.296,0.144,0.608,,
,,0.00358,4.3,0.144,0.608,,
,,0.003584,4.304,0.136,0.6,,
,,0.003588,4.308,0.136,0.6,,
,,0.003592,4.312,0.128,0.592,,
,,0.003596,4.316,0.12,0.584,,
,,0.0036,4.32,0.12,0.584,,
,,0.003604,4.324,0.12,0.584,,
,,0.003608,4.328,0.112,0.576,,
,,0.003612,4.332,0.112,0.576,,
,,0.003616,4.336,0.112,0.576,,
,,0.00362,4.34,0.112,0.576,,
,,0.003624,4.344,0.104,0.568,,
,,0.003628,4.348,0.104,0.568,,
,,0.003632,4.352,0.096,0.56,,
,,0.003636,4.356,0.088,0.552,,
,,0.00364,4.36,0.096,0.56,,
,,0.003644,4.364,0.096,0.56,,
,,0.003648,4.368,0.08,0.544,,
,,0.003652,4.372,0.08,0.544,,
,,0.003656,4.376,0.088,0.552,,
,,0.00366,4.38,0.08,0.544,,
,,0.003664,4.384,0.072,0.536,,
,,0.003668,4.388,0.072,0.536,,
,,0.003672,4.392,0.056,0.52,,
,,0.003676,4.396,0.072,0.536,,
,,0.00368,4.4,0.064,0.528,,
,,0.003684,4.404,0.056,0.52,,
,,0.003688,4.408,0.056,0.52,,
,,0.003692,4.412,0.056,0.52,,
,,0.003696,4.416,0.048,0.512,,
,,0.0037,4.42,0.048,0.512,,
,,0.003704,4.424,0.048,0.512,,
,,0.003708,4.428,0.04,0.504,,
,,0.003712,4.432,0.032,0.496,,
,,0.003716,4.436,0.04,0.504,,
,,0.00372,4.44,0.032,0.496,,
,,0.003724,4.444,0.032,0.496,,
,,0.003728,4.448,0.032,0.496,,
,,0.003732,4.452,0.032,0.496,,
,,0.003736,4.456,0.016,0.48,,
,,0.00374,4.46,0.024,0.488,,
,,0.003744,4.464,0.024,0.488,,
,,0.003748,4.468,0.024,0.488,,
,,0.003752,4.472,0.016,0.48,,
,,0.003756,4.476,0.008,0.472,,
,,0.00376,4.48,0.008,0.472,,
,,0.003764,4.484,0.008,0.472,,
,,0.003768,4.488,0.008,0.472,,
,,0.003772,4.492,0,0.464,,
,,0.003776,4.496,0,0.464,,
,,0.00378,4.5,0,0.464,,
,,0.003784,4.504,-0.008,0.456,,
,,0.003788,4.508,-0.008,0.456,,
,,0.003792,4.512,-0.008,0.456,,
,,0.003796,4.516,-0.016,0.448,,
,,0.0038,4.52,-0.016,0.448,,
,,0.003804,4.524,-0.016,0.448,,
,,0.003808,4.528,-0.024,0.44,,
,,0.003812,4.532,-0.024,0.44,,
,,0.003816,4.536,-0.024,0.44,,
,,0.00382,4.54,-0.024,0.44,,
,,0.003824,4.544,-0.024,0.44,,
,,0.003828,4.548,-0.032,0.432,,
,,0.003832,4.552,-0.032,0.432,,
,,0.003836,4.556,-0.04,0.424,,
,,0.00384,4.56,-0.04,0.424,,
,,0.003844,4.564,-0.04,0.424,,
,,0.003848,4.568,-0.04,0.424,,
,,0.003852,4.572,-0.048,0.416,,
,,0.003856,4.576,-0.048,0.416,,
,,0.00386,4.58,-0.048,0.416,,
,,0.003864,4.584,-0.048,0.416,,
,,0.003868,4.588,-0.056,0.408,,
,,0.003872,4.592,-0.056,0.408,,
,,0.003876,4.596,-0.064,0.4,,
,,0.00388,4.6,-0.064,0.4,,
,,0.003884,4.604,-0.064,0.4,,
,,0.003888,4.608,-0.072,0.392,,
,,0.003892,4.612,-0.064,0.4,,
,,0.003896,4.616,-0.072,0.392,,
,,0.0039,4.62,-0.08,0.384,,
,,0.003904,4.624,-0.072,0.392,,
,,0.003908,4.628,-0.072,0.392,,
,,0.003912,4.632,-0.08,0.384,,
,,0.003916,4.636,-0.08,0.384,,
,,0.00392,4.64,-0.08,0.384,,
,,0.003924,4.644,-0.088,0.376,,
,,0.003928,4.648,-0.088,0.376,,
,,0.003932,4.652,-0.088,0.376,,
,,0.003936,4.656,-0.096,0.368,,
,,0.00394,4.66,-0.096,0.368,,
,,0.003944,4.664,-0.096,0.368,,
,,0.003948,4.668,-0.096,0.368,,
,,0.003952,4.672,-0.104,0.36,,
,,0.003956,4.676,-0.096,0.368,,
,,0.00396,4.68,-0.104,0.36,,
,,0.003964,4.684,-0.104,0.36,,
,,0.003968,4.688,-0.104,0.36,,
,,0.003972,4.692,-0.112,0.352,,
,,0.003976,4.696,-0.112,0.352,,
,,0.00398,4.7,-0.112,0.352,,
,,0.003984,4.704,-0.12,0.344,,
,,0.003988,4.708,-0.12,0.344,,
,,0.003992,4.712,-0.12,0.344,,
,,0.003996,4.716,-0.128,0.336,,
,,0.004,4.72,-0.128,0.336,,
,,0.004004,4.724,-0.12,0.344,,
,,0.004008,4.728,-0.128,0.336,,
,,0.004012,4.732,-0.128,0.336,,
,,0.004016,4.736,-0.136,0.328,0.668,
,,0.00402,4.74,-0.136,0.328,,
,,0.004024,4.744,-0.136,0.328,,
,,0.004028,4.748,-0.136,0.328,,
,,0.004032,4.752,-0.136,0.328,,
,,0.004036,4.756,-0.144,0.32,,
,,0.00404,4.76,-0.144,0.32,,
,,0.004044,4.764,-0.144,0.32,,
,,0.004048,4.768,-0.144,0.32,,
,,0.004052,4.772,-0.152,0.312,,
,,0.004056,4.776,-0.152,0.312,,
,,0.00406,4.78,-0.152,0.312,,
,,0.004064,4.784,-0.152,0.312,,
,,0.004068,4.788,-0.152,0.312,,
,,0.004072,4.792,-0.16,0.304,,
,,0.004076,4.796,-0.152,0.312,,
,,0.00408,4.8,-0.16,0.304,,
,,0.004084,4.804,-0.16,0.304,,
,,0.004088,4.808,-0.16,0.304,,
,,0.004092,4.812,-0.16,0.304,,
,,0.004096,4.816,-0.168,0.296,end,0.748
,,0.0041,4.82,-0.168,0.296,,
,,0.004104,4.824,-0.168,0.296,,
,,0.004108,4.828,-0.176,0.288,,
,,0.004112,4.832,-0.176,0.288,,
,,0.004116,4.836,-0.176,0.288,,
,,0.00412,4.84,-0.176,0.288,,
,,0.004124,4.844,-0.184,0.28,,
,,0.004128,4.848,-0.184,0.28,,
,,0.004132,4.852,-0.176,0.288,,
,,0.004136,4.856,-0.184,0.28,,
,,0.00414,4.86,-0.192,0.272,,
,,0.004144,4.864,-0.192,0.272,,
,,0.004148,4.868,-0.184,0.28,,
,,0.004152,4.872,-0.192,0.272,,
,,0.004156,4.876,-0.192,0.272,,
,,0.00416,4.88,-0.2,0.264,,
,,0.004164,4.884,-0.2,0.264,,
,,0.004168,4.888,-0.192,0.272,,
,,0.004172,4.892,-0.2,0.264,,
,,0.004176,4.896,-0.2,0.264,,
,,0.00418,4.9,-0.208,0.256,0.094177137,
,,0.004184,4.904,-0.2,0.264,,
,,0.004188,4.908,-0.208,0.256,,
,,0.004192,4.912,-0.2,0.264,,
,,0.004196,4.916,-0.216,0.248,,
,,0.0042,4.92,-0.208,0.256,,
,,0.004204,4.924,-0.208,0.256,,
,,0.004208,4.928,-0.216,0.248,,
,,0.004212,4.932,-0.216,0.248,,
,,0.004216,4.936,-0.216,0.248,,
,,0.00422,4.94,-0.216,0.248,,
,,0.004224,4.944,-0.224,0.24,,
,,0.004228,4.948,-0.224,0.24,,
,,0.004232,4.952,-0.224,0.24,,
,,0.004236,4.956,-0.224,0.24,,
,,0.00424,4.96,-0.224,0.24,,
,,0.004244,4.964,-0.224,0.24,,
,,0.004248,4.968,-0.232,0.232,,
,,0.004252,4.972,-0.224,0.24,,
,,0.004256,4.976,-0.224,0.24,,
,,0.00426,4.98,-0.232,0.232,,
,,0.004264,4.984,-0.24,0.224,,
,,0.004268,4.988,-0.24,0.224,,
,,0.004272,4.992,-0.24,0.224,,
,,0.004276,4.996,-0.24,0.224,,
,,0.00428,5,-0.24,0.224,,
,,0.004284,5.004,-0.248,0.216,,
,,0.004288,5.008,-0.248,0.216,,
,,0.004292,5.012,-0.24,0.224,,
,,0.004296,5.016,-0.248,0.216,,
,,0.0043,5.02,-0.248,0.216,,
,,0.004304,5.024,-0.248,0.216,,
,,0.004308,5.028,-0.24,0.224,,
,,0.004312,5.032,-0.248,0.216,,
,,0.004316,5.036,-0.256,0.208,,
,,0.00432,5.04,-0.248,0.216,,
,,0.004324,5.044,-0.248,0.216,,
,,0.004328,5.048,-0.256,0.208,,
,,0.004332,5.052,-0.256,0.208,,
,,0.004336,5.056,-0.256,0.208,,
,,0.00434,5.06,-0.264,0.2,,
,,0.004344,5.064,-0.264,0.2,,
,,0.004348,5.068,-0.272,0.192,,
,,0.004352,5.072,-0.264,0.2,,
,,0.004356,5.076,-0.264,0.2,,
,,0.00436,5.08,-0.264,0.2,,
,,0.004364,5.084,-0.264,0.2,,
,,0.004368,5.088,-0.272,0.192,,
,,0.004372,5.092,-0.272,0.192,,
,,0.004376,5.096,-0.272,0.192,,
,,0.00438,5.1,-0.272,0.192,,
,,0.004384,5.104,-0.272,0.192,,
,,0.004388,5.108,-0.272,0.192,,
,,0.004392,5.112,-0.272,0.192,,
,,0.004396,5.116,-0.28,0.184,,
,,0.0044,5.12,-0.28,0.184,,
,,0.004404,5.124,-0.272,0.192,,
,,0.004408,5.128,-0.28,0.184,,
,,0.004412,5.132,-0.28,0.184,,
,,0.004416,5.136,-0.28,0.184,,
,,0.00442,5.14,-0.28,0.184,,
,,0.004424,5.144,-0.28,0.184,,
,,0.004428,5.148,-0.288,0.176,,
,,0.004432,5.152,-0.288,0.176,,
,,0.004436,5.156,-0.28,0.184,,
,,0.00444,5.16,-0.288,0.176,,
,,0.004444,5.164,-0.288,0.176,,
,,0.004448,5.168,-0.296,0.168,,
,,0.004452,5.172,-0.288,0.176,,
,,0.004456,5.176,-0.288,0.176,,
,,0.00446,5.18,-0.296,0.168,,
,,0.004464,5.184,-0.304,0.16,,
,,0.004468,5.188,-0.296,0.168,,
,,0.004472,5.192,-0.296,0.168,,
,,0.004476,5.196,-0.296,0.168,,
,,0.00448,5.2,-0.304,0.16,,
,,0.004484,5.204,-0.304,0.16,,
,,0.004488,5.208,-0.304,0.16,,
,,0.004492,5.212,-0.304,0.16,,
,,0.004496,5.216,-0.312,0.152,,
,,0.0045,5.22,-0.296,0.168,,
,,0.004504,5.224,-0.312,0.152,,
,,0.004508,5.228,-0.312,0.152,,
,,0.004512,5.232,-0.312,0.152,,
,,0.004516,5.236,-0.312,0.152,,
,,0.00452,5.24,-0.312,0.152,,
,,0.004524,5.244,-0.312,0.152,,
,,0.004528,5.248,-0.32,0.144,,
,,0.004532,5.252,-0.312,0.152,,
,,0.004536,5.256,-0.32,0.144,,
,,0.00454,5.26,-0.32,0.144,,
,,0.004544,5.264,-0.312,0.152,,
,,0.004548,5.268,-0.32,0.144,,
,,0.004552,5.272,-0.312,0.152,,
,,0.004556,5.276,-0.32,0.144,,
,,0.00456,5.28,-0.32,0.144,,
,,0.004564,5.284,-0.32,0.144,,
,,0.004568,5.288,-0.32,0.144,,
,,0.004572,5.292,-0.32,0.144,,
,,0.004576,5.296,-0.328,0.136,,
,,0.00458,5.3,-0.32,0.144,,
,,0.004584,5.304,-0.32,0.144,,
,,0.004588,5.308,-0.328,0.136,,
,,0.004592,5.312,-0.336,0.128,,
,,0.004596,5.316,-0.328,0.136,,
,,0.0046,5.32,-0.328,0.136,,
,,0.004604,5.324,-0.328,0.136,,
,,0.004608,5.328,-0.328,0.136,,
,,0.004612,5.332,-0.328,0.136,,
,,0.004616,5.336,-0.336,0.128,,
,,0.00462,5.34,-0.328,0.136,,
,,0.004624,5.344,-0.336,0.128,,
,,0.004628,5.348,-0.336,0.128,,
,,0.004632,5.352,-0.336,0.128,,
,,0.004636,5.356,-0.336,0.128,,
,,0.00464,5.36,-0.336,0.128,,
,,0.004644,5.364,-0.336,0.128,,
,,0.004648,5.368,-0.344,0.12,,
,,0.004652,5.372,-0.344,0.12,,
,,0.004656,5.376,-0.336,0.128,,
,,0.00466,5.38,-0.344,0.12,,
,,0.004664,5.384,-0.344,0.12,,
,,0.004668,5.388,-0.336,0.128,,
,,0.004672,5.392,-0.344,0.12,,
,,0.004676,5.396,-0.344,0.12,,
,,0.00468,5.4,-0.352,0.112,,
,,0.004684,5.404,-0.352,0.112,,
,,0.004688,5.408,-0.344,0.12,,
,,0.004692,5.412,-0.344,0.12,,
,,0.004696,5.416,-0.352,0.112,,
,,0.0047,5.42,-0.352,0.112,,
,,0.004704,5.424,-0.352,0.112,,
,,0.004708,5.428,-0.352,0.112,,
,,0.004712,5.432,-0.352,0.112,,
,,0.004716,5.436,-0.352,0.112,,
,,0.00472,5.44,-0.36,0.104,,
,,0.004724,5.444,-0.352,0.112,,
,,0.004728,5.448,-0.36,0.104,,
,,0.004732,5.452,-0.352,0.112,,
,,0.004736,5.456,-0.352,0.112,,
,,0.00474,5.46,-0.36,0.104,,
,,0.004744,5.464,-0.36,0.104,,
,,0.004748,5.468,-0.368,0.096,,
,,0.004752,5.472,-0.36,0.104,,
,,0.004756,5.476,-0.352,0.112,,
,,0.00476,5.48,-0.368,0.096,,
,,0.004764,5.484,-0.36,0.104,,
,,0.004768,5.488,-0.368,0.096,,
,,0.004772,5.492,-0.368,0.096,,
,,0.004776,5.496,-0.368,0.096,,
,,0.00478,5.5,-0.368,0.096,,
,,0.004784,5.504,-0.368,0.096,,
,,0.004788,5.508,-0.368,0.096,,
,,0.004792,5.512,-0.368,0.096,0.612,
,,0.004796,5.516,-0.368,0.096,,
,,0.0048,5.52,-0.376,0.088,,
,,0.004804,5.524,-0.368,0.096,,
,,0.004808,5.528,-0.368,0.096,,
,,0.004812,5.532,-0.368,0.096,,
,,0.004816,5.536,-0.368,0.096,,
,,0.00482,5.54,-0.376,0.088,,
,,0.004824,5.544,-0.376,0.088,,
,,0.004828,5.548,-0.376,0.088,,
,,0.004832,5.552,-0.376,0.088,,
,,0.004836,5.556,-0.376,0.088,,
,,0.00484,5.56,-0.376,0.088,,
,,0.004844,5.564,-0.376,0.088,,
,,0.004848,5.568,-0.384,0.08,,
,,0.004852,5.572,-0.384,0.08,,
,,0.004856,5.576,-0.384,0.08,,
,,0.00486,5.58,-0.384,0.08,,
,,0.004864,5.584,-0.376,0.088,,
,,0.004868,5.588,-0.384,0.08,,
,,0.004872,5.592,-0.384,0.08,,
,,0.004876,5.596,-0.384,0.08,,
,,0.00488,5.6,-0.384,0.08,,
,,0.004884,5.604,-0.384,0.08,,
,,0.004888,5.608,-0.384,0.08,,
,,0.004892,5.612,-0.384,0.08,,
,,0.004896,5.616,-0.384,0.08,,
,,0.0049,5.62,-0.392,0.072,,
,,0.004904,5.624,-0.392,0.072,,
,,0.004908,5.628,-0.392,0.072,,
,,0.004912,5.632,-0.392,0.072,,
,,0.004916,5.636,-0.384,0.08,,
,,0.00492,5.64,-0.384,0.08,,
,,0.004924,5.644,-0.392,0.072,,
,,0.004928,5.648,-0.392,0.072,,
,,0.004932,5.652,-0.392,0.072,,
,,0.004936,5.656,-0.392,0.072,,
,,0.00494,5.66,-0.392,0.072,,
,,0.004944,5.664,-0.392,0.072,,
,,0.004948,5.668,-0.392,0.072,,
,,0.004952,5.672,-0.4,0.064,,
,,0.004956,5.676,-0.4,0.064,,
,,0.00496,5.68,-0.392,0.072,,
,,0.004964,5.684,-0.4,0.064,,
,,0.004968,5.688,-0.392,0.072,,
,,0.004972,5.692,-0.4,0.064,,
,,0.004976,5.696,-0.4,0.064,,
,,0.00498,5.7,-0.392,0.072,,
,,0.004984,5.704,-0.4,0.064,,
,,0.004988,5.708,-0.4,0.064,,
,,0.004992,5.712,-0.392,0.072,,
,,0.004996,5.716,-0.4,0.064,,
,,0.005,5.72,-0.4,0.064,,
,,0.005004,5.724,-0.4,0.064,,
,,0.005008,5.728,-0.4,0.064,,
,,0.005012,5.732,-0.4,0.064,,
,,0.005016,5.736,-0.4,0.064,,
,,0.00502,5.74,-0.4,0.064,,
,,0.005024,5.744,-0.4,0.064,,
,,0.005028,5.748,-0.408,0.056,,
,,0.005032,5.752,-0.4,0.064,,
,,0.005036,5.756,-0.408,0.056,,
,,0.00504,5.76,-0.416,0.048,,
,,0.005044,5.764,-0.4,0.064,,
,,0.005048,5.768,-0.4,0.064,,
,,0.005052,5.772,-0.408,0.056,,
,,0.005056,5.776,-0.408,0.056,,
,,0.00506,5.78,-0.408,0.056,,
,,0.005064,5.784,-0.408,0.056,,
,,0.005068,5.788,-0.408,0.056,,
,,0.005072,5.792,-0.4,0.064,,
,,0.005076,5.796,-0.408,0.056,,
,,0.00508,5.8,-0.408,0.056,,
,,0.005084,5.804,-0.408,0.056,,
,,0.005088,5.808,-0.408,0.056,,
,,0.005092,5.812,-0.408,0.056,,
,,0.005096,5.816,-0.416,0.048,,
,,0.0051,5.82,-0.416,0.048,,
,,0.005104,5.824,-0.408,0.056,,
,,0.005108,5.828,-0.408,0.056,,
,,0.005112,5.832,-0.416,0.048,,
,,0.005116,5.836,-0.416,0.048,,
,,0.00512,5.84,-0.416,0.048,,
,,0.005124,5.844,-0.416,0.048,,
,,0.005128,5.848,-0.416,0.048,,
,,0.005132,5.852,-0.416,0.048,,
,,0.005136,5.856,-0.416,0.048,,
,,0.00514,5.86,-0.416,0.048,,
,,0.005144,5.864,-0.416,0.048,,
,,0.005148,5.868,-0.416,0.048,,
,,0.005152,5.872,-0.424,0.04,,
,,0.005156,5.876,-0.416,0.048,,
,,0.00516,5.88,-0.416,0.048,,
,,0.005164,5.884,-0.416,0.048,,
,,0.005168,5.888,-0.424,0.04,,
,,0.005172,5.892,-0.416,0.048,,
,,0.005176,5.896,-0.424,0.04,,
,,0.00518,5.9,-0.416,0.048,,
,,0.005184,5.904,-0.416,0.048,,
,,0.005188,5.908,-0.424,0.04,,
,,0.005192,5.912,-0.416,0.048,,
,,0.005196,5.916,-0.416,0.048,,
,,0.0052,5.92,-0.424,0.04,,
,,0.005204,5.924,-0.424,0.04,,
,,0.005208,5.928,-0.424,0.04,,
,,0.005212,5.932,-0.416,0.048,,
,,0.005216,5.936,-0.424,0.04,,
,,0.00522,5.94,-0.424,0.04,,
,,0.005224,5.944,-0.424,0.04,,
,,0.005228,5.948,-0.424,0.04,,
,,0.005232,5.952,-0.432,0.032,,
,,0.005236,5.956,-0.432,0.032,,
,,0.00524,5.96,-0.424,0.04,,
,,0.005244,5.964,-0.416,0.048,,
,,0.005248,5.968,-0.424,0.04,,
,,0.005252,5.972,-0.432,0.032,,
,,0.005256,5.976,-0.424,0.04,,
,,0.00526,5.98,-0.432,0.032,,
,,0.005264,5.984,-0.424,0.04,,
,,0.005268,5.988,-0.424,0.04,,
,,0.005272,5.992,-0.424,0.04,,
,,0.005276,5.996,-0.424,0.04,,
,,0.00528,6,-0.432,0.032,,
,,0.005284,6.004,-0.432,0.032,,
,,0.005288,6.008,-0.432,0.032,,
,,0.005292,6.012,-0.432,0.032,,
,,0.005296,6.016,-0.432,0.032,,
,,0.0053,6.02,-0.432,0.032,,
,,0.005304,6.024,-0.424,0.04,,
,,0.005308,6.028,-0.424,0.04,,
,,0.005312,6.032,-0.432,0.032,,
,,0.005316,6.036,-0.432,0.032,,
,,0.00532,6.04,-0.424,0.04,,
,,0.005324,6.044,-0.432,0.032,,
,,0.005328,6.048,-0.432,0.032,,
,,0.005332,6.052,-0.44,0.024,,
,,0.005336,6.056,-0.44,0.024,,
,,0.00534,6.06,-0.432,0.032,,
,,0.005344,6.064,-0.432,0.032,,
,,0.005348,6.068,-0.432,0.032,,
,,0.005352,6.072,-0.44,0.024,,
,,0.005356,6.076,-0.432,0.032,,
,,0.00536,6.08,-0.432,0.032,,
,,0.005364,6.084,-0.432,0.032,,
,,0.005368,6.088,-0.432,0.032,,
,,0.005372,6.092,-0.44,0.024,,
,,0.005376,6.096,-0.432,0.032,,
,,0.00538,6.1,-0.432,0.032,,
,,0.005384,6.104,-0.44,0.024,,
,,0.005388,6.108,-0.44,0.024,,
,,0.005392,6.112,-0.44,0.024,,
,,0.005396,6.116,-0.432,0.032,,
,,0.0054,6.12,-0.44,0.024,,
,,0.005404,6.124,-0.44,0.024,,
,,0.005408,6.128,-0.44,0.024,,
,,0.005412,6.132,-0.44,0.024,,
,,0.005416,6.136,-0.44,0.024,,
,,0.00542,6.14,-0.44,0.024,,
,,0.005424,6.144,-0.432,0.032,,
,,0.005428,6.148,-0.432,0.032,,
,,0.005432,6.152,-0.44,0.024,,
,,0.005436,6.156,-0.44,0.024,,
,,0.00544,6.16,-0.44,0.024,,
,,0.005444,6.164,-0.44,0.024,,
,,0.005448,6.168,-0.44,0.024,,
,,0.005452,6.172,-0.44,0.024,,
,,0.005456,6.176,-0.44,0.024,,
,,0.00546,6.18,-0.44,0.024,,
,,0.005464,6.184,-0.44,0.024,,
,,0.005468,6.188,-0.44,0.024,,
,,0.005472,6.192,-0.44,0.024,,
,,0.005476,6.196,-0.44,0.024,,
,,0.00548,6.2,-0.44,0.024,,
,,0.005484,6.204,-0.448,0.016,,
,,0.005488,6.208,-0.44,0.024,,
,,0.005492,6.212,-0.44,0.024,,
,,0.005496,6.216,-0.44,0.024,,
,,0.0055,6.22,-0.44,0.024,,
,,0.005504,6.224,-0.448,0.016,,
,,0.005508,6.228,-0.448,0.016,,
,,0.005512,6.232,-0.448,0.016,,
,,0.005516,6.236,-0.448,0.016,,
,,0.00552,6.24,-0.44,0.024,,
,,0.005524,6.244,-0.448,0.016,,
,,0.005528,6.248,-0.44,0.024,,
,,0.005532,6.252,-0.448,0.016,,
,,0.005536,6.256,-0.448,0.016,,
,,0.00554,6.26,-0.456,0.008,,
,,0.005544,6.264,-0.44,0.024,,
,,0.005548,6.268,-0.448,0.016,,
,,0.005552,6.272,-0.44,0.024,,
,,0.005556,6.276,-0.448,0.016,,
,,0.00556,6.28,-0.448,0.016,,
,,0.005564,6.284,-0.44,0.024,,
,,0.005568,6.288,-0.44,0.024,,
,,0.005572,6.292,-0.448,0.016,,
,,0.005576,6.296,-0.44,0.024,,
,,0.00558,6.3,-0.448,0.016,,
,,0.005584,6.304,-0.448,0.016,,
,,0.005588,6.308,-0.448,0.016,,
,,0.005592,6.312,-0.448,0.016,,
,,0.005596,6.316,-0.456,0.008,,
,,0.0056,6.32,-0.448,0.016,,
,,0.005604,6.324,-0.448,0.016,,
,,0.005608,6.328,-0.448,0.016,,
,,0.005612,6.332,-0.448,0.016,,
,,0.005616,6.336,-0.448,0.016,,
,,0.00562,6.34,-0.448,0.016,,
,,0.005624,6.344,-0.448,0.016,,
,,0.005628,6.348,-0.448,0.016,,
,,0.005632,6.352,-0.456,0.008,,
,,0.005636,6.356,-0.448,0.016,,
,,0.00564,6.36,-0.448,0.016,,
,,0.005644,6.364,-0.448,0.016,,
,,0.005648,6.368,-0.448,0.016,,
,,0.005652,6.372,-0.456,0.008,,
,,0.005656,6.376,-0.448,0.016,,
,,0.00566,6.38,-0.456,0.008,,
,,0.005664,6.384,-0.456,0.008,,
,,0.005668,6.388,-0.456,0.008,,
,,0.005672,6.392,-0.448,0.016,,
,,0.005676,6.396,-0.448,0.016,,
,,0.00568,6.4,-0.448,0.016,,
,,0.005684,6.404,-0.456,0.008,,
,,0.005688,6.408,-0.456,0.008,,
,,0.005692,6.412,-0.448,0.016,,
,,0.005696,6.416,-0.456,0.008,,
,,0.0057,6.42,-0.456,0.008,,
,,0.005704,6.424,-0.456,0.008,,
,,0.005708,6.428,-0.456,0.008,,
,,0.005712,6.432,-0.456,0.008,,
,,0.005716,6.436,-0.456,0.008,,
,,0.00572,6.44,-0.456,0.008,,
,,0.005724,6.444,-0.448,0.016,,
,,0.005728,6.448,-0.456,0.008,,
,,0.005732,6.452,-0.448,0.016,,
,,0.005736,6.456,-0.448,0.016,,
,,0.00574,6.46,-0.456,0.008,,
,,0.005744,6.464,-0.464,0,,
,,0.005748,6.468,-0.456,0.008,,
,,0.005752,6.472,-0.456,0.008,,
,,0.005756,6.476,-0.456,0.008,,
,,0.00576,6.48,-0.456,0.008,,
,,0.005764,6.484,-0.448,0.016,,
,,0.005768,6.488,-0.464,0,,
,,0.005772,6.492,-0.448,0.016,,
,,0.005776,6.496,-0.448,0.016,,
,,0.00578,6.5,-0.448,0.016,,
,,0.005784,6.504,-0.456,0.008,,
,,0.005788,6.508,-0.448,0.016,,
,,0.005792,6.512,-0.456,0.008,,
,,0.005796,6.516,-0.456,0.008,,
,,0.0058,6.52,-0.456,0.008,,
,,0.005804,6.524,-0.456,0.008,,
,,0.005808,6.528,-0.448,0.016,,
,,0.005812,6.532,-0.448,0.016,,
,,0.005816,6.536,-0.44,0.024,,
,,0.00582,6.54,-0.456,0.008,,
,,0.005824,6.544,-0.456,0.008,,
,,0.005828,6.548,-0.456,0.008,,
,,0.005832,6.552,-0.448,0.016,,
,,0.005836,6.556,-0.456,0.008,,
,,0.00584,6.56,-0.456,0.008,,
,,0.005844,6.564,-0.464,0,,
,,0.005848,6.568,-0.456,0.008,,
,,0.005852,6.572,-0.456,0.008,,
,,0.005856,6.576,-0.456,0.008,,
,,0.00586,6.58,-0.456,0.008,,
,,0.005864,6.584,-0.456,0.008,,
,,0.005868,6.588,-0.456,0.008,,
,,0.005872,6.592,-0.456,0.008,,
,,0.005876,6.596,-0.456,0.008,,
,,0.00588,6.6,-0.456,0.008,,
,,0.005884,6.604,-0.456,0.008,,
,,0.005888,6.608,-0.456,0.008,,
,,0.005892,6.612,-0.448,0.016,,
,,0.005896,6.616,-0.456,0.008,,
,,0.0059,6.62,-0.464,0,,
,,0.005904,6.624,-0.448,0.016,,
,,0.005908,6.628,-0.456,0.008,,
,,0.005912,6.632,-0.456,0.008,,
,,0.005916,6.636,-0.456,0.008,,
,,0.00592,6.64,-0.456,0.008,,
,,0.005924,6.644,-0.456,0.008,,
,,0.005928,6.648,-0.456,0.008,,
,,0.005932,6.652,-0.456,0.008,,
,,0.005936,6.656,-0.448,0.016,,
,,0.00594,6.66,-0.456,0.008,,
,,0.005944,6.664,-0.448,0.016,,
,,0.005948,6.668,-0.464,0,,
,,0.005952,6.672,-0.448,0.016,,
,,0.005956,6.676,-0.464,0,,
,,0.00596,6.68,-0.456,0.008,,
,,0.005964,6.684,-0.456,0.008,,
,,0.005968,6.688,-0.456,0.008,,
,,0.005972,6.692,-0.456,0.008,,
,,0.005976,6.696,-0.456,0.008,,
,,0.00598,6.7,-0.456,0.008,,
,,0.005984,6.704,-0.464,0,,
,,0.005988,6.708,-0.464,0,,
,,0.005992,6.712,-0.456,0.008,,
,,0.005996,6.716,-0.456,0.008,,
,,0.006,6.72,-0.464,0,,
,,0.006004,6.724,-0.456,0.008,,
,,0.006008,6.728,-0.456,0.008,,
,,0.006012,6.732,-0.464,0,,
,,0.006016,6.736,-0.456,0.008,,
,,0.00602,6.74,-0.456,0.008,,
,,0.006024,6.744,-0.456,0.008,,
,,0.006028,6.748,-0.456,0.008,,
,,0.006032,6.752,-0.456,0.008,,
,,0.006036,6.756,-0.464,0,,
,,0.00604,6.76,-0.464,0,,
,,0.006044,6.764,-0.456,0.008,,
,,0.006048,6.768,-0.456,0.008,,
,,0.006052,6.772,-0.456,0.008,,
,,0.006056,6.776,-0.456,0.008,,
,,0.00606,6.78,-0.448,0.016,,
,,0.006064,6.784,-0.456,0.008,,
,,0.006068,6.788,-0.456,0.008,,
,,0.006072,6.792,-0.448,0.016,,
,,0.006076,6.796,-0.464,0,,
,,0.00608,6.8,-0.456,0.008,,
,,0.006084,6.804,-0.456,0.008,,
,,0.006088,6.808,-0.456,0.008,,
,,0.006092,6.812,-0.456,0.008,,
,,0.006096,6.816,-0.456,0.008,,
,,0.0061,6.82,-0.456,0.008,,
,,0.006104,6.824,-0.456,0.008,,
,,0.006108,6.828,-0.464,0,,
,,0.006112,6.832,-0.456,0.008,,
,,0.006116,6.836,-0.456,0.008,,
,,0.00612,6.84,-0.464,0,,
,,0.006124,6.844,-0.464,0,,
,,0.006128,6.848,-0.448,0.016,,
,,0.006132,6.852,-0.464,0,,
,,0.006136,6.856,-0.464,0,,
,,0.00614,6.86,-0.464,0,,
,,0.006144,6.864,-0.464,0,,
,,0.006148,6.868,-0.456,0.008,,
,,0.006152,6.872,-0.456,0.008,,
,,0.006156,6.876,-0.448,0.016,,
,,0.00616,6.88,-0.464,0,,
,,0.006164,6.884,-0.456,0.008,,
,,0.006168,6.888,-0.464,0,,
,,0.006172,6.892,-0.456,0.008,,
,,0.006176,6.896,-0.456,0.008,,
,,0.00618,6.9,-0.456,0.008,,
,,0.006184,6.904,-0.456,0.008,,
,,0.006188,6.908,-0.456,0.008,,
,,0.006192,6.912,-0.456,0.008,,
,,0.006196,6.916,-0.448,0.016,,
,,0.0062,6.92,-0.456,0.008,,
,,0.006204,6.924,-0.456,0.008,,
,,0.006208,6.928,-0.456,0.008,,
,,0.006212,6.932,-0.456,0.008,,
,,0.006216,6.936,-0.464,0,,
,,0.00622,6.94,-0.456,0.008,,
,,0.006224,6.944,-0.456,0.008,,
,,0.006228,6.948,-0.456,0.008,,
,,0.006232,6.952,-0.456,0.008,,
,,0.006236,6.956,-0.456,0.008,,
,,0.00624,6.96,-0.456,0.008,,
,,0.006244,6.964,-0.448,0.016,,
,,0.006248,6.968,-0.456,0.008,,
,,0.006252,6.972,-0.456,0.008,,
,,0.006256,6.976,-0.456,0.008,,
,,0.00626,6.98,-0.448,0.016,,
,,0.006264,6.984,-0.464,0,,
,,0.006268,6.988,-0.456,0.008,,
,,0.006272,6.992,-0.456,0.008,,
,,0.006276,6.996,-0.464,0,,
,,0.00628,7,-0.456,0.008,,
,,0.006284,7.004,-0.456,0.008,,
,,0.006288,7.008,-0.456,0.008,,
,,0.006292,7.012,-0.456,0.008,,
,,0.006296,7.016,-0.456,0.008,,
,,0.0063,7.02,-0.456,0.008,,
,,0.006304,7.024,-0.456,0.008,,
,,0.006308,7.028,-0.456,0.008,,
,,0.006312,7.032,-0.448,0.016,,
,,0.006316,7.036,-0.456,0.008,,
,,0.00632,7.04,-0.448,0.016,,
,,0.006324,7.044,-0.456,0.008,,
,,0.006328,7.048,-0.456,0.008,,
,,0.006332,7.052,-0.456,0.008,,
,,0.006336,7.056,-0.456,0.008,,
,,0.00634,7.06,-0.448,0.016,,
,,0.006344,7.064,-0.456,0.008,,
,,0.006348,7.068,-0.448,0.016,,
,,0.006352,7.072,-0.456,0.008,,
,,0.006356,7.076,-0.456,0.008,,
,,0.00636,7.08,-0.456,0.008,,
,,0.006364,7.084,-0.456,0.008,,
,,0.006368,7.088,-0.456,0.008,,
,,0.006372,7.092,-0.456,0.008,,
,,0.006376,7.096,-0.448,0.016,,
,,0.00638,7.1,-0.456,0.008,,
,,0.006384,7.104,-0.448,0.016,,
,,0.006388,7.108,-0.456,0.008,,
,,0.006392,7.112,-0.456,0.008,,
,,0.006396,7.116,-0.456,0.008,,
,,0.0064,7.12,-0.448,0.016,,
,,0.006404,7.124,-0.456,0.008,,
,,0.006408,7.128,-0.448,0.016,,
,,0.006412,7.132,-0.448,0.016,,
,,0.006416,7.136,-0.456,0.008,,
,,0.00642,7.14,-0.448,0.016,,
,,0.006424,7.144,-0.456,0.008,,
,,0.006428,7.148,-0.448,0.016,,
,,0.006432,7.152,-0.448,0.016,,
,,0.006436,7.156,-0.448,0.016,,
,,0.00644,7.16,-0.456,0.008,,
,,0.006444,7.164,-0.448,0.016,,
,,0.006448,7.168,-0.448,0.016,,
,,0.006452,7.172,-0.448,0.016,,
,,0.006456,7.176,-0.448,0.016,,
,,0.00646,7.18,-0.456,0.008,,
,,0.006464,7.184,-0.448,0.016,,
,,0.006468,7.188,-0.448,0.016,,
,,0.006472,7.192,-0.456,0.008,,
,,0.006476,7.196,-0.456,0.008,,
,,0.00648,7.2,-0.448,0.016,,
,,0.006484,7.204,-0.456,0.008,,
,,0.006488,7.208,-0.448,0.016,,
,,0.006492,7.212,-0.448,0.016,,
,,0.006496,7.216,-0.456,0.008,,
,,0.0065,7.22,-0.44,0.024,,
,,0.006504,7.224,-0.448,0.016,,
,,0.006508,7.228,-0.448,0.016,,
,,0.006512,7.232,-0.448,0.016,,
,,0.006516,7.236,-0.456,0.008,,
,,0.00652,7.24,-0.448,0.016,,
,,0.006524,7.244,-0.448,0.016,,
,,0.006528,7.248,-0.448,0.016,,
,,0.006532,7.252,-0.456,0.008,,
,,0.006536,7.256,-0.456,0.008,,
,,0.00654,7.26,-0.456,0.008,,
,,0.006544,7.264,-0.456,0.008,,
,,0.006548,7.268,-0.448,0.016,,
,,0.006552,7.272,-0.448,0.016,,
,,0.006556,7.276,-0.448,0.016,,
,,0.00656,7.28,-0.456,0.008,,
,,0.006564,7.284,-0.448,0.016,,
,,0.006568,7.288,-0.448,0.016,,
,,0.006572,7.292,-0.448,0.016,,
,,0.006576,7.296,-0.44,0.024,,
,,0.00658,7.3,-0.448,0.016,,
,,0.006584,7.304,-0.456,0.008,,
,,0.006588,7.308,-0.448,0.016,,
,,0.006592,7.312,-0.448,0.016,,
,,0.006596,7.316,-0.44,0.024,,
,,0.0066,7.32,-0.456,0.008,,
,,0.006604,7.324,-0.448,0.016,,
,,0.006608,7.328,-0.44,0.024,,
,,0.006612,7.332,-0.456,0.008,,
,,0.006616,7.336,-0.448,0.016,,
,,0.00662,7.34,-0.448,0.016,,
,,0.006624,7.344,-0.448,0.016,,
,,0.006628,7.348,-0.44,0.024,,
,,0.006632,7.352,-0.448,0.016,,
,,0.006636,7.356,-0.44,0.024,,
,,0.00664,7.36,-0.448,0.016,,
,,0.006644,7.364,-0.44,0.024,,
,,0.006648,7.368,-0.448,0.016,,
,,0.006652,7.372,-0.448,0.016,,
,,0.006656,7.376,-0.44,0.024,,
,,0.00666,7.38,-0.448,0.016,,
,,0.006664,7.384,-0.448,0.016,,
,,0.006668,7.388,-0.448,0.016,,
,,0.006672,7.392,-0.448,0.016,,
,,0.006676,7.396,-0.44,0.024,,
,,0.00668,7.4,-0.448,0.016,,
,,0.006684,7.404,-0.44,0.024,,
,,0.006688,7.408,-0.448,0.016,,
,,0.006692,7.412,-0.448,0.016,,
,,0.006696,7.416,-0.448,0.016,,
,,0.0067,7.42,-0.448,0.016,,
,,0.006704,7.424,-0.44,0.024,,
,,0.006708,7.428,-0.44,0.024,,
,,0.006712,7.432,-0.448,0.016,,
,,0.006716,7.436,-0.448,0.016,,
,,0.00672,7.44,-0.448,0.016,,
,,0.006724,7.444,-0.44,0.024,,
,,0.006728,7.448,-0.432,0.032,,
,,0.006732,7.452,-0.448,0.016,,
,,0.006736,7.456,-0.448,0.016,,
,,0.00674,7.46,-0.44,0.024,,
,,0.006744,7.464,-0.448,0.016,,
,,0.006748,7.468,-0.44,0.024,,
,,0.006752,7.472,-0.44,0.024,,
,,0.006756,7.476,-0.44,0.024,,
,,0.00676,7.48,-0.44,0.024,,
,,0.006764,7.484,-0.44,0.024,,
,,0.006768,7.488,-0.44,0.024,,
,,0.006772,7.492,-0.448,0.016,,
,,0.006776,7.496,-0.44,0.024,,
,,0.00678,7.5,-0.44,0.024,,
,,0.006784,7.504,-0.44,0.024,,
,,0.006788,7.508,-0.44,0.024,,
,,0.006792,7.512,-0.44,0.024,,
,,0.006796,7.516,-0.448,0.016,,
,,0.0068,7.52,-0.44,0.024,,
,,0.006804,7.524,-0.448,0.016,,
,,0.006808,7.528,-0.44,0.024,,
,,0.006812,7.532,-0.44,0.024,,
,,0.006816,7.536,-0.44,0.024,,
,,0.00682,7.54,-0.44,0.024,,
,,0.006824,7.544,-0.44,0.024,,
,,0.006828,7.548,-0.432,0.032,,
,,0.006832,7.552,-0.44,0.024,,
,,0.006836,7.556,-0.44,0.024,,
,,0.00684,7.56,-0.44,0.024,,
,,0.006844,7.564,-0.44,0.024,,
,,0.006848,7.568,-0.44,0.024,,
,,0.006852,7.572,-0.44,0.024,,
,,0.006856,7.576,-0.44,0.024,,
,,0.00686,7.58,-0.448,0.016,,
,,0.006864,7.584,-0.44,0.024,,
,,0.006868,7.588,-0.432,0.032,,
,,0.006872,7.592,-0.44,0.024,,
,,0.006876,7.596,-0.44,0.024,,
,,0.00688,7.6,-0.44,0.024,,
,,0.006884,7.604,-0.44,0.024,,
,,0.006888,7.608,-0.432,0.032,,
,,0.006892,7.612,-0.44,0.024,,
,,0.006896,7.616,-0.44,0.024,,
,,0.0069,7.62,-0.44,0.024,,
,,0.006904,7.624,-0.44,0.024,,
,,0.006908,7.628,-0.44,0.024,,
,,0.006912,7.632,-0.44,0.024,,
,,0.006916,7.636,-0.448,0.016,,
,,0.00692,7.64,-0.44,0.024,,
,,0.006924,7.644,-0.44,0.024,,
,,0.006928,7.648,-0.44,0.024,,
,,0.006932,7.652,-0.44,0.024,,
,,0.006936,7.656,-0.44,0.024,,
,,0.00694,7.66,-0.44,0.024,,
,,0.006944,7.664,-0.432,0.032,,
,,0.006948,7.668,-0.432,0.032,,
,,0.006952,7.672,-0.44,0.024,,
,,0.006956,7.676,-0.432,0.032,,
,,0.00696,7.68,-0.44,0.024,,
,,0.006964,7.684,-0.44,0.024,,
,,0.006968,7.688,-0.44,0.024,,
,,0.006972,7.692,-0.44,0.024,,
,,0.006976,7.696,-0.44,0.024,,
,,0.00698,7.7,-0.44,0.024,,
,,0.006984,7.704,-0.432,0.032,,
,,0.006988,7.708,-0.44,0.024,,
,,0.006992,7.712,-0.44,0.024,,
,,0.006996,7.716,-0.44,0.024,,
,,0.007,7.72,-0.432,0.032,,
,,0.007004,7.724,-0.44,0.024,,
,,0.007008,7.728,-0.44,0.024,,
,,0.007012,7.732,-0.432,0.032,,
,,0.007016,7.736,-0.432,0.032,,
,,0.00702,7.74,-0.44,0.024,,
,,0.007024,7.744,-0.432,0.032,,
,,0.007028,7.748,-0.44,0.024,,
,,0.007032,7.752,-0.44,0.024,,
,,0.007036,7.756,-0.424,0.04,,
,,0.00704,7.76,-0.432,0.032,,
,,0.007044,7.764,-0.424,0.04,,
,,0.007048,7.768,-0.432,0.032,,
,,0.007052,7.772,-0.416,0.048,,
,,0.007056,7.776,-0.424,0.04,,
,,0.00706,7.78,-0.424,0.04,,
,,0.007064,7.784,-0.424,0.04,,
,,0.007068,7.788,-0.424,0.04,,
,,0.007072,7.792,-0.416,0.048,,
,,0.007076,7.796,-0.416,0.048,,
,,0.00708,7.8,-0.416,0.048,,
,,0.007084,7.804,-0.416,0.048,,
,,0.007088,7.808,-0.416,0.048,,
,,0.007092,7.812,-0.416,0.048,,
,,0.007096,7.816,-0.408,0.056,,
,,0.0071,7.82,-0.4,0.064,,
,,0.007104,7.824,-0.408,0.056,,
,,0.007108,7.828,-0.4,0.064,,
,,0.007112,7.832,-0.392,0.072,,
,,0.007116,7.836,-0.4,0.064,,
,,0.00712,7.84,-0.392,0.072,,
,,0.007124,7.844,-0.4,0.064,,
,,0.007128,7.848,-0.392,0.072,,
,,0.007132,7.852,-0.392,0.072,,
,,0.007136,7.856,-0.384,0.08,,
,,0.00714,7.86,-0.384,0.08,,
,,0.007144,7.864,-0.392,0.072,,
,,0.007148,7.868,-0.376,0.088,,
,,0.007152,7.872,-0.376,0.088,,
,,0.007156,7.876,-0.376,0.088,,
,,0.00716,7.88,-0.36,0.104,,
,,0.007164,7.884,-0.368,0.096,,
,,0.007168,7.888,-0.368,0.096,,
,,0.007172,7.892,-0.352,0.112,,
,,0.007176,7.896,-0.352,0.112,,
,,0.00718,7.9,-0.352,0.112,,
,,0.007184,7.904,-0.344,0.12,,
,,0.007188,7.908,-0.344,0.12,,
,,0.007192,7.912,-0.344,0.12,,
,,0.007196,7.916,-0.336,0.128,,
,,0.0072,7.92,-0.336,0.128,,
,,0.007204,7.924,-0.32,0.144,,
,,0.007208,7.928,-0.328,0.136,,
,,0.007212,7.932,-0.32,0.144,,
,,0.007216,7.936,-0.328,0.136,,
,,0.00722,7.94,-0.312,0.152,,
,,0.007224,7.944,-0.304,0.16,,
,,0.007228,7.948,-0.312,0.152,,
,,0.007232,7.952,-0.312,0.152,,
,,0.007236,7.956,-0.296,0.168,,
,,0.00724,7.96,-0.296,0.168,,
,,0.007244,7.964,-0.296,0.168,,
,,0.007248,7.968,-0.288,0.176,,
,,0.007252,7.972,-0.288,0.176,,
,,0.007256,7.976,-0.28,0.184,,
,,0.00726,7.98,-0.272,0.192,,
,,0.007264,7.984,-0.272,0.192,,
,,0.007268,7.988,-0.272,0.192,,
,,0.007272,7.992,-0.256,0.208,,
,,0.007276,7.996,-0.264,0.2,,
,,0.00728,8,-0.256,0.208,,
,,0.007284,8.004,-0.248,0.216,,
,,0.007288,8.008,-0.248,0.216,,
,,0.007292,8.012,-0.248,0.216,,
,,0.007296,8.016,-0.24,0.224,,
,,0.0073,8.02,-0.24,0.224,,
,,0.007304,8.024,-0.24,0.224,,
,,0.007308,8.028,-0.232,0.232,,
,,0.007312,8.032,-0.224,0.24,,
,,0.007316,8.036,-0.216,0.248,,
,,0.00732,8.04,-0.224,0.24,,
,,0.007324,8.044,-0.216,0.248,,
,,0.007328,8.048,-0.208,0.256,,
,,0.007332,8.052,-0.208,0.256,,
,,0.007336,8.056,-0.2,0.264,,
,,0.00734,8.06,-0.208,0.256,,
,,0.007344,8.064,-0.208,0.256,,
,,0.007348,8.068,-0.192,0.272,,
,,0.007352,8.072,-0.2,0.264,,
,,0.007356,8.076,-0.192,0.272,,
,,0.00736,8.08,-0.184,0.28,,
,,0.007364,8.084,-0.176,0.288,,
,,0.007368,8.088,-0.184,0.28,,
,,0.007372,8.092,-0.176,0.288,,
,,0.007376,8.096,-0.176,0.288,,
,,0.00738,8.1,-0.168,0.296,,
,,0.007384,8.104,-0.16,0.304,,
,,0.007388,8.108,-0.168,0.296,,
,,0.007392,8.112,-0.16,0.304,,
,,0.007396,8.116,-0.152,0.312,,
,,0.0074,8.12,-0.152,0.312,,
,,0.007404,8.124,-0.152,0.312,,
,,0.007408,8.128,-0.152,0.312,,
,,0.007412,8.132,-0.144,0.32,,
,,0.007416,8.136,-0.144,0.32,,
,,0.00742,8.14,-0.136,0.328,,
,,0.007424,8.144,-0.136,0.328,,
,,0.007428,8.148,-0.128,0.336,,
,,0.007432,8.152,-0.128,0.336,,
,,0.007436,8.156,-0.12,0.344,,
,,0.00744,8.16,-0.12,0.344,,
,,0.007444,8.164,-0.12,0.344,,
,,0.007448,8.168,-0.112,0.352,,
,,0.007452,8.172,-0.112,0.352,,
,,0.007456,8.176,-0.112,0.352,,
,,0.00746,8.18,-0.104,0.36,,
,,0.007464,8.184,-0.104,0.36,,
,,0.007468,8.188,-0.104,0.36,,
,,0.007472,8.192,-0.088,0.376,,
,,0.007476,8.196,-0.088,0.376,,
,,0.00748,8.2,-0.088,0.376,,
,,0.007484,8.204,-0.088,0.376,,
,,0.007488,8.208,-0.08,0.384,,
,,0.007492,8.212,-0.08,0.384,,
,,0.007496,8.216,-0.08,0.384,,
,,0.0075,8.22,-0.08,0.384,,
,,0.007504,8.224,-0.072,0.392,,
,,0.007508,8.228,-0.072,0.392,,
,,0.007512,8.232,-0.072,0.392,,
,,0.007516,8.236,-0.064,0.4,,
,,0.00752,8.24,-0.064,0.4,,
,,0.007524,8.244,-0.056,0.408,,
,,0.007528,8.248,-0.056,0.408,,
,,0.007532,8.252,-0.056,0.408,,
,,0.007536,8.256,-0.048,0.416,,
,,0.00754,8.26,-0.048,0.416,,
,,0.007544,8.264,-0.048,0.416,,
,,0.007548,8.268,-0.04,0.424,,
,,0.007552,8.272,-0.04,0.424,,
,,0.007556,8.276,-0.04,0.424,,
,,0.00756,8.28,-0.032,0.432,,
,,0.007564,8.284,-0.032,0.432,,
,,0.007568,8.288,-0.032,0.432,,
,,0.007572,8.292,-0.024,0.44,,
,,0.007576,8.296,-0.024,0.44,,
,,0.00758,8.3,-0.024,0.44,,
,,0.007584,8.304,-0.016,0.448,,
,,0.007588,8.308,-0.016,0.448,,
,,0.007592,8.312,-0.016,0.448,,
,,0.007596,8.316,-0.008,0.456,,
,,0.0076,8.32,0,0.464,,
,,0.007604,8.324,-0.008,0.456,,
,,0.007608,8.328,-0.008,0.456,,
,,0.007612,8.332,0,0.464,,
,,0.007616,8.336,0,0.464,,
,,0.00762,8.34,0,0.464,,
,,0.007624,8.344,0.008,0.472,,
,,0.007628,8.348,0.008,0.472,,
,,0.007632,8.352,0.008,0.472,,
,,0.007636,8.356,0.016,0.48,,
,,0.00764,8.36,0.016,0.48,,
,,0.007644,8.364,0.016,0.48,,
,,0.007648,8.368,0.024,0.488,,
,,0.007652,8.372,0.032,0.496,,
,,0.007656,8.376,0.024,0.488,,
,,0.00766,8.38,0.032,0.496,,
,,0.007664,8.384,0.032,0.496,,
,,0.007668,8.388,0.024,0.488,,
,,0.007672,8.392,0.04,0.504,,
,,0.007676,8.396,0.04,0.504,,
,,0.00768,8.4,0.032,0.496,,
,,0.007684,8.404,0.048,0.512,,
,,0.007688,8.408,0.048,0.512,,
,,0.007692,8.412,0.048,0.512,,
,,0.007696,8.416,0.056,0.52,,
,,0.0077,8.42,0.056,0.52,,
,,0.007704,8.424,0.056,0.52,,
,,0.007708,8.428,0.056,0.52,,
,,0.007712,8.432,0.056,0.52,,
,,0.007716,8.436,0.064,0.528,,
,,0.00772,8.44,0.056,0.52,,
,,0.007724,8.444,0.072,0.536,,
,,0.007728,8.448,0.064,0.528,,
,,0.007732,8.452,0.072,0.536,,
,,0.007736,8.456,0.072,0.536,,
,,0.00774,8.46,0.072,0.536,,
,,0.007744,8.464,0.08,0.544,,
,,0.007748,8.468,0.08,0.544,,
,,0.007752,8.472,0.08,0.544,,
,,0.007756,8.476,0.072,0.536,,
,,0.00776,8.48,0.088,0.552,,
,,0.007764,8.484,0.088,0.552,,
,,0.007768,8.488,0.08,0.544,,
,,0.007772,8.492,0.096,0.56,,
,,0.007776,8.496,0.096,0.56,,
,,0.00778,8.5,0.096,0.56,,
,,0.007784,8.504,0.096,0.56,,
,,0.007788,8.508,0.096,0.56,,
,,0.007792,8.512,0.096,0.56,,
,,0.007796,8.516,0.096,0.56,,
,,0.0078,8.52,0.112,0.576,,
,,0.007804,8.524,0.112,0.576,,
,,0.007808,8.528,0.112,0.576,,
,,0.007812,8.532,0.112,0.576,,
,,0.007816,8.536,0.112,0.576,,
,,0.00782,8.54,0.12,0.584,,
,,0.007824,8.544,0.12,0.584,,
,,0.007828,8.548,0.112,0.576,,
,,0.007832,8.552,0.128,0.592,,
,,0.007836,8.556,0.128,0.592,,
,,0.00784,8.56,0.128,0.592,,
,,0.007844,8.564,0.12,0.584,,
,,0.007848,8.568,0.136,0.6,,
,,0.007852,8.572,0.136,0.6,,
,,0.007856,8.576,0.136,0.6,,
,,0.00786,8.58,0.136,0.6,,
,,0.007864,8.584,0.136,0.6,,
,,0.007868,8.588,0.136,0.6,,
,,0.007872,8.592,0.136,0.6,,
,,0.007876,8.596,0.144,0.608,,
,,0.00788,8.6,0.144,0.608,,
,,0.007884,8.604,0.152,0.616,,
,,0.007888,8.608,0.144,0.608,,
,,0.007892,8.612,0.144,0.608,,
,,0.007896,8.616,0.16,0.624,,
,,0.0079,8.62,0.16,0.624,,
,,0.007904,8.624,0.16,0.624,,
,,0.007908,8.628,0.16,0.624,,
,,0.007912,8.632,0.16,0.624,,
,,0.007916,8.636,0.16,0.624,,
,,0.00792,8.64,0.16,0.624,,
,,0.007924,8.644,0.168,0.632,,
,,0.007928,8.648,0.168,0.632,,
,,0.007932,8.652,0.16,0.624,,
,,0.007936,8.656,0.168,0.632,,
,,0.00794,8.66,0.168,0.632,,
,,0.007944,8.664,0.168,0.632,,
,,0.007948,8.668,0.184,0.648,,
,,0.007952,8.672,0.176,0.64,,
,,0.007956,8.676,0.176,0.64,,
,,0.00796,8.68,0.176,0.64,,
,,0.007964,8.684,0.184,0.648,,
,,0.007968,8.688,0.176,0.64,,
,,0.007972,8.692,0.184,0.648,,
,,0.007976,8.696,0.184,0.648,,
,,0.00798,8.7,0.192,0.656,,
,,0.007984,8.704,0.192,0.656,,
,,0.007988,8.708,0.192,0.656,,
,,0.007992,8.712,0.192,0.656,,
,,0.007996,8.716,0.2,0.664,,
,,0.008,8.72,0.2,0.664,,
,,0.008004,8.724,0.2,0.664,,
,,0.008008,8.728,0.2,0.664,,
,,0.008012,8.732,0.2,0.664,,
,,0.008016,8.736,0.2,0.664,,
,,0.00802,8.74,0.2,0.664,,
,,0.008024,8.744,0.208,0.672,,
,,0.008028,8.748,0.208,0.672,,
,,0.008032,8.752,0.208,0.672,,
,,0.008036,8.756,0.216,0.68,,
,,0.00804,8.76,0.208,0.672,,
,,0.008044,8.764,0.216,0.68,,
,,0.008048,8.768,0.216,0.68,,
,,0.008052,8.772,0.216,0.68,,
,,0.008056,8.776,0.216,0.68,,
,,0.00806,8.78,0.224,0.688,,
,,0.008064,8.784,0.224,0.688,,
,,0.008068,8.788,0.224,0.688,,
,,0.008072,8.792,0.224,0.688,,
,,0.008076,8.796,0.224,0.688,,
,,0.00808,8.8,0.224,0.688,,
,,0.008084,8.804,0.232,0.696,,
,,0.008088,8.808,0.24,0.704,,
,,0.008092,8.812,0.232,0.696,,
,,0.008096,8.816,0.24,0.704,,
,,0.0081,8.82,0.24,0.704,,
,,0.008104,8.824,0.248,0.712,,
,,0.008108,8.828,0.24,0.704,,
,,0.008112,8.832,0.24,0.704,,
,,0.008116,8.836,0.24,0.704,,
,,0.00812,8.84,0.24,0.704,,
,,0.008124,8.844,0.248,0.712,,
,,0.008128,8.848,0.248,0.712,,
,,0.008132,8.852,0.248,0.712,,
,,0.008136,8.856,0.248,0.712,,
,,0.00814,8.86,0.248,0.712,,
,,0.008144,8.864,0.256,0.72,,
,,0.008148,8.868,0.256,0.72,,
,,0.008152,8.872,0.256,0.72,,
,,0.008156,8.876,0.256,0.72,,
,,0.00816,8.88,0.264,0.728,,
,,0.008164,8.884,0.256,0.72,,
,,0.008168,8.888,0.264,0.728,,
,,0.008172,8.892,0.264,0.728,,
,,0.008176,8.896,0.264,0.728,,
,,0.00818,8.9,0.264,0.728,,
,,0.008184,8.904,0.272,0.736,,
,,0.008188,8.908,0.264,0.728,,
,,0.008192,8.912,0.264,0.728,,
,,0.008196,8.916,0.272,0.736,,
,,0.0082,8.92,0.264,0.728,,
,,0.008204,8.924,0.272,0.736,,
,,0.008208,8.928,0.28,0.744,,
,,0.008212,8.932,0.272,0.736,,
,,0.008216,8.936,0.272,0.736,,
,,0.00822,8.94,0.272,0.736,,
,,0.008224,8.944,0.28,0.744,,
,,0.008228,8.948,0.288,0.752,,
,,0.008232,8.952,0.28,0.744,,
,,0.008236,8.956,0.288,0.752,,
,,0.00824,8.96,0.288,0.752,,
,,0.008244,8.964,0.28,0.744,,
,,0.008248,8.968,0.288,0.752,,
,,0.008252,8.972,0.288,0.752,,
,,0.008256,8.976,0.288,0.752,,
,,0.00826,8.98,0.296,0.76,,
,,0.008264,8.984,0.296,0.76,,
,,0.008268,8.988,0.296,0.76,,
,,0.008272,8.992,0.288,0.752,,
,,0.008276,8.996,0.296,0.76,,
,,0.00828,9,0.288,0.752,,
,,0.008284,9.004,0.304,0.768,,
,,0.008288,9.008,0.304,0.768,,
,,0.008292,9.012,0.304,0.768,,
,,0.008296,9.016,0.304,0.768,,
,,0.0083,9.02,0.304,0.768,,
,,0.008304,9.024,0.296,0.76,,
,,0.008308,9.028,0.304,0.768,,
,,0.008312,9.032,0.304,0.768,,
,,0.008316,9.036,0.304,0.768,,
,,0.00832,9.04,0.304,0.768,,
,,0.008324,9.044,0.304,0.768,,
,,0.008328,9.048,0.312,0.776,,
,,0.008332,9.052,0.312,0.776,,
,,0.008336,9.056,0.312,0.776,,
,,0.00834,9.06,0.312,0.776,,
,,0.008344,9.064,0.312,0.776,,
,,0.008348,9.068,0.32,0.784,,
,,0.008352,9.072,0.312,0.776,,
,,0.008356,9.076,0.312,0.776,,
,,0.00836,9.08,0.32,0.784,,
,,0.008364,9.084,0.32,0.784,,
,,0.008368,9.088,0.32,0.784,,
,,0.008372,9.092,0.32,0.784,,
,,0.008376,9.096,0.32,0.784,,
,,0.00838,9.1,0.32,0.784,,
,,0.008384,9.104,0.32,0.784,,
,,0.008388,9.108,0.32,0.784,,
,,0.008392,9.112,0.328,0.792,,
,,0.008396,9.116,0.328,0.792,,
,,0.0084,9.12,0.328,0.792,,
,,0.008404,9.124,0.328,0.792,,
,,0.008408,9.128,0.328,0.792,,
,,0.008412,9.132,0.328,0.792,,
,,0.008416,9.136,0.328,0.792,,
,,0.00842,9.14,0.328,0.792,,
,,0.008424,9.144,0.336,0.8,,
,,0.008428,9.148,0.328,0.792,,
,,0.008432,9.152,0.336,0.8,,
,,0.008436,9.156,0.328,0.792,,
,,0.00844,9.16,0.336,0.8,,
,,0.008444,9.164,0.328,0.792,,
,,0.008448,9.168,0.336,0.8,,
,,0.008452,9.172,0.336,0.8,,
,,0.008456,9.176,0.336,0.8,,
,,0.00846,9.18,0.344,0.808,,
,,0.008464,9.184,0.352,0.816,,
,,0.008468,9.188,0.344,0.808,,
,,0.008472,9.192,0.352,0.816,,
,,0.008476,9.196,0.344,0.808,,
,,0.00848,9.2,0.344,0.808,,
,,0.008484,9.204,0.352,0.816,,
,,0.008488,9.208,0.352,0.816,,
,,0.008492,9.212,0.352,0.816,,
,,0.008496,9.216,0.344,0.808,,
,,0.0085,9.22,0.352,0.816,,
,,0.008504,9.224,0.352,0.816,,
,,0.008508,9.228,0.36,0.824,,
,,0.008512,9.232,0.352,0.816,,
,,0.008516,9.236,0.352,0.816,,
,,0.00852,9.24,0.352,0.816,,
,,0.008524,9.244,0.352,0.816,,
,,0.008528,9.248,0.352,0.816,,
,,0.008532,9.252,0.352,0.816,,
,,0.008536,9.256,0.36,0.824,,
,,0.00854,9.26,0.352,0.816,,
,,0.008544,9.264,0.368,0.832,,
,,0.008548,9.268,0.36,0.824,,
,,0.008552,9.272,0.36,0.824,,
,,0.008556,9.276,0.36,0.824,,
,,0.00856,9.28,0.36,0.824,,
,,0.008564,9.284,0.368,0.832,,
,,0.008568,9.288,0.36,0.824,,
,,0.008572,9.292,0.368,0.832,,
,,0.008576,9.296,0.368,0.832,,
,,0.00858,9.3,0.368,0.832,,
,,0.008584,9.304,0.368,0.832,,
,,0.008588,9.308,0.368,0.832,,
,,0.008592,9.312,0.368,0.832,,
,,0.008596,9.316,0.368,0.832,,
,,0.0086,9.32,0.368,0.832,,
,,0.008604,9.324,0.368,0.832,,
,,0.008608,9.328,0.368,0.832,,
,,0.008612,9.332,0.368,0.832,,
,,0.008616,9.336,0.368,0.832,,
,,0.00862,9.34,0.376,0.84,,
,,0.008624,9.344,0.376,0.84,,
,,0.008628,9.348,0.376,0.84,,
,,0.008632,9.352,0.376,0.84,,
,,0.008636,9.356,0.368,0.832,,
,,0.00864,9.36,0.376,0.84,,
,,0.008644,9.364,0.376,0.84,,
,,0.008648,9.368,0.376,0.84,,
,,0.008652,9.372,0.376,0.84,,
,,0.008656,9.376,0.384,0.848,,
,,0.00866,9.38,0.376,0.84,,
,,0.008664,9.384,0.376,0.84,,
,,0.008668,9.388,0.376,0.84,,
,,0.008672,9.392,0.384,0.848,,
,,0.008676,9.396,0.376,0.84,,
,,0.00868,9.4,0.376,0.84,,
,,0.008684,9.404,0.376,0.84,,
,,0.008688,9.408,0.376,0.84,,
,,0.008692,9.412,0.384,0.848,,
,,0.008696,9.416,0.384,0.848,,
,,0.0087,9.42,0.376,0.84,,
,,0.008704,9.424,0.384,0.848,,
,,0.008708,9.428,0.392,0.856,,
,,0.008712,9.432,0.384,0.848,,
,,0.008716,9.436,0.392,0.856,,
,,0.00872,9.44,0.384,0.848,,
,,0.008724,9.444,0.392,0.856,,
,,0.008728,9.448,0.384,0.848,,
,,0.008732,9.452,0.392,0.856,,
,,0.008736,9.456,0.392,0.856,,
,,0.00874,9.46,0.392,0.856,,
,,0.008744,9.464,0.392,0.856,,
,,0.008748,9.468,0.392,0.856,,
,,0.008752,9.472,0.392,0.856,,
,,0.008756,9.476,0.392,0.856,,
,,0.00876,9.48,0.392,0.856,,
,,0.008764,9.484,0.392,0.856,,
,,0.008768,9.488,0.392,0.856,,
,,0.008772,9.492,0.4,0.864,,
,,0.008776,9.496,0.4,0.864,,
,,0.00878,9.5,0.392,0.856,,
,,0.008784,9.504,0.392,0.856,,
,,0.008788,9.508,0.4,0.864,,
,,0.008792,9.512,0.4,0.864,,
,,0.008796,9.516,0.4,0.864,,
,,0.0088,9.52,0.392,0.856,,
,,0.008804,9.524,0.4,0.864,,
,,0.008808,9.528,0.4,0.864,,
,,0.008812,9.532,0.4,0.864,,
,,0.008816,9.536,0.4,0.864,,
,,0.00882,9.54,0.408,0.872,,
,,0.008824,9.544,0.4,0.864,,
,,0.008828,9.548,0.4,0.864,,
,,0.008832,9.552,0.4,0.864,,
,,0.008836,9.556,0.4,0.864,,
,,0.00884,9.56,0.408,0.872,,
,,0.008844,9.564,0.408,0.872,,
,,0.008848,9.568,0.4,0.864,,
,,0.008852,9.572,0.4,0.864,,
,,0.008856,9.576,0.416,0.88,,
,,0.00886,9.58,0.408,0.872,,
,,0.008864,9.584,0.408,0.872,,
,,0.008868,9.588,0.408,0.872,,
,,0.008872,9.592,0.408,0.872,,
,,0.008876,9.596,0.408,0.872,,
,,0.00888,9.6,0.416,0.88,,
,,0.008884,9.604,0.408,0.872,,
,,0.008888,9.608,0.416,0.88,,
,,0.008892,9.612,0.416,0.88,,
,,0.008896,9.616,0.416,0.88,,
,,0.0089,9.62,0.416,0.88,,
,,0.008904,9.624,0.416,0.88,,
,,0.008908,9.628,0.408,0.872,,
,,0.008912,9.632,0.416,0.88,,
,,0.008916,9.636,0.416,0.88,,
,,0.00892,9.64,0.416,0.88,,
,,0.008924,9.644,0.416,0.88,,
,,0.008928,9.648,0.416,0.88,,
,,0.008932,9.652,0.416,0.88,,
,,0.008936,9.656,0.416,0.88,,
,,0.00894,9.66,0.416,0.88,,
,,0.008944,9.664,0.416,0.88,,
,,0.008948,9.668,0.416,0.88,,
,,0.008952,9.672,0.416,0.88,,
,,0.008956,9.676,0.424,0.888,,
,,0.00896,9.68,0.416,0.88,,
,,0.008964,9.684,0.416,0.88,,
,,0.008968,9.688,0.416,0.88,,
,,0.008972,9.692,0.424,0.888,,
,,0.008976,9.696,0.424,0.888,,
,,0.00898,9.7,0.424,0.888,,
,,0.008984,9.704,0.424,0.888,,
,,0.008988,9.708,0.424,0.888,,
,,0.008992,9.712,0.424,0.888,,
,,0.008996,9.716,0.424,0.888,,
,,0.009,9.72,0.424,0.888,,
,,0.009004,9.724,0.424,0.888,,
,,0.009008,9.728,0.432,0.896,,
,,0.009012,9.732,0.424,0.888,,
,,0.009016,9.736,0.424,0.888,,
,,0.00902,9.74,0.424,0.888,,
,,0.009024,9.744,0.432,0.896,,
,,0.009028,9.748,0.424,0.888,,
,,0.009032,9.752,0.424,0.888,,
,,0.009036,9.756,0.424,0.888,,
,,0.00904,9.76,0.424,0.888,,
,,0.009044,9.764,0.424,0.888,,
,,0.009048,9.768,0.424,0.888,,
,,0.009052,9.772,0.424,0.888,,
,,0.009056,9.776,0.424,0.888,,
,,0.00906,9.78,0.424,0.888,,
,,0.009064,9.784,0.432,0.896,,
,,0.009068,9.788,0.424,0.888,,
,,0.009072,9.792,0.424,0.888,,
,,0.009076,9.796,0.432,0.896,,
,,0.00908,9.8,0.424,0.888,,
,,0.009084,9.804,0.432,0.896,,
,,0.009088,9.808,0.432,0.896,,
,,0.009092,9.812,0.432,0.896,,
,,0.009096,9.816,0.432,0.896,,
,,0.0091,9.82,0.432,0.896,,
,,0.009104,9.824,0.432,0.896,,
,,0.009108,9.828,0.44,0.904,,
,,0.009112,9.832,0.44,0.904,,
,,0.009116,9.836,0.432,0.896,,
,,0.00912,9.84,0.44,0.904,,
,,0.009124,9.844,0.432,0.896,,
,,0.009128,9.848,0.432,0.896,,
,,0.009132,9.852,0.432,0.896,,
,,0.009136,9.856,0.44,0.904,,
,,0.00914,9.86,0.432,0.896,,
,,0.009144,9.864,0.44,0.904,,
,,0.009148,9.868,0.432,0.896,,
,,0.009152,9.872,0.44,0.904,,
,,0.009156,9.876,0.44,0.904,,
,,0.00916,9.88,0.44,0.904,,
,,0.009164,9.884,0.432,0.896,,
,,0.009168,9.888,0.44,0.904,,
,,0.009172,9.892,0.44,0.904,,
,,0.009176,9.896,0.44,0.904,,
,,0.00918,9.9,0.44,0.904,,
,,0.009184,9.904,0.44,0.904,,
,,0.009188,9.908,0.44,0.904,,
,,0.009192,9.912,0.432,0.896,,
,,0.009196,9.916,0.44,0.904,,
,,0.0092,9.92,0.44,0.904,,
,,0.009204,9.924,0.44,0.904,,
,,0.009208,9.928,0.44,0.904,,
,,0.009212,9.932,0.44,0.904,,
,,0.009216,9.936,0.44,0.904,,
,,0.00922,9.94,0.44,0.904,,
,,0.009224,9.944,0.44,0.904,,
,,0.009228,9.948,0.44,0.904,,
,,0.009232,9.952,0.448,0.912,,
,,0.009236,9.956,0.448,0.912,,
,,0.00924,9.96,0.448,0.912,,
,,0.009244,9.964,0.44,0.904,,
,,0.009248,9.968,0.44,0.904,,
,,0.009252,9.972,0.44,0.904,,
,,0.009256,9.976,0.448,0.912,,
,,0.00926,9.98,0.44,0.904,,
,,0.009264,9.984,0.44,0.904,,
,,0.009268,9.988,0.44,0.904,,
,,0.009272,9.992,0.44,0.904,,
,,0.009276,9.996,0.448,0.912,,
