Record Length,2.50E+03,-0.002628,0,0.4,-0.024,-0.024
Sample Interval,2.00E-06,-0.002626,0.002,0.38,-0.028,-0.028
Trigger Point,1.31E+03,-0.002624,0.004,0.38,-0.024,-0.024
,,-0.002622,0.006,0.36,-0.024,-0.024
,,-0.00262,0.008,0.36,-0.028,-0.028
,,-0.002618,0.01,0.32,-0.024,-0.024
Source,CH1,-0.002616,0.012,0.3,-0.024,-0.024
Vertical Units,V,-0.002614,0.014,0.28,-0.028,-0.028
Vertical Scale,5.00E-01,-0.002612,0.016,0.28,-0.02,-0.02
Vertical Offset,-4.00E-02,-0.00261,0.018,0.24,-0.028,-0.028
Horizontal Units,s,-0.002608,0.02,0.22,-0.028,-0.028
Horizontal Scale,5.00E-04,-0.002606,0.022,0.2,-0.024,-0.024
Pt Fmt,Y,-0.002604,0.024,0.18,-0.024,-0.024
Yzero,0.00E+00,-0.002602,0.026,0.16,-0.028,-0.028
Probe Atten,1.00E+00,-0.0026,0.028,0.12,-0.028,-0.028
Model Number,TDS2012B,-0.002598,0.03,0.1,-0.028,-0.028
Serial Number,C101931,-0.002596,0.032,0.06,-0.028,-0.028
Firmware Version,FV:v22.11,-0.002594,0.034,0.06,-0.032,-0.032
,,-0.002592,0.036,0.02,-0.028,-0.028
,,-0.00259,0.038,0,-0.032,-0.032
,,-0.002588,0.04,-0.02,-0.032,-0.032
,,-0.002586,0.042,-0.04,-0.032,-0.032
,,-0.002584,0.044,-0.08,-0.028,-0.028
,,-0.002582,0.046,-0.08,-0.028,-0.028
,,-0.00258,0.048,-0.12,-0.028,-0.028
,,-0.002578,0.05,-0.16,-0.032,-0.032
,,-0.002576,0.052,-0.18,-0.032,-0.032
,,-0.002574,0.054,-0.22,-0.028,-0.028
,,-0.002572,0.056,-0.22,-0.028,-0.028
,,-0.00257,0.058,-0.24,-0.032,-0.032
,,-0.002568,0.06,-0.26,-0.032,-0.032
,,-0.002566,0.062,-0.28,-0.032,-0.032
,,-0.002564,0.064,-0.3,-0.032,-0.032
,,-0.002562,0.066,-0.34,-0.036,-0.036
,,-0.00256,0.068,-0.34,-0.032,-0.032
,,-0.002558,0.07,-0.36,-0.036,-0.036
,,-0.002556,0.072,-0.38,-0.032,-0.032
,,-0.002554,0.074,-0.4,-0.032,-0.032
,,-0.002552,0.076,-0.42,-0.032,-0.032
,,-0.00255,0.078,-0.42,-0.032,-0.032
,,-0.002548,0.08,-0.44,-0.028,-0.028
,,-0.002546,0.082,-0.46,-0.036,-0.036
,,-0.002544,0.084,-0.48,-0.032,-0.032
,,-0.002542,0.086,-0.48,-0.028,-0.028
,,-0.00254,0.088,-0.5,-0.032,-0.032
,,-0.002538,0.09,-0.5,-0.036,-0.036
,,-0.002536,0.092,-0.5,-0.032,-0.032
,,-0.002534,0.094,-0.52,-0.032,-0.032
,,-0.002532,0.096,-0.54,-0.036,-0.036
,,-0.00253,0.098,-0.54,-0.036,-0.036
,,-0.002528,0.1,-0.54,-0.036,-0.036
,,-0.002526,0.102,-0.54,-0.036,-0.036
,,-0.002524,0.104,-0.56,-0.04,-0.04
,,-0.002522,0.106,-0.56,-0.036,-0.036
,,-0.00252,0.108,-0.54,-0.04,-0.04
,,-0.002518,0.11,-0.54,-0.036,-0.036
,,-0.002516,0.112,-0.54,-0.04,-0.04
,,-0.002514,0.114,-0.54,-0.04,-0.04
,,-0.002512,0.116,-0.52,-0.036,-0.036
,,-0.00251,0.118,-0.52,-0.04,-0.04
,,-0.002508,0.12,-0.54,-0.036,-0.036
,,-0.002506,0.122,-0.5,-0.036,-0.036
,,-0.002504,0.124,-0.5,-0.036,-0.036
,,-0.002502,0.126,-0.48,-0.036,-0.036
,,-0.0025,0.128,-0.46,-0.04,-0.04
,,-0.002498,0.13,-0.46,-0.04,-0.04
,,-0.002496,0.132,-0.44,-0.036,-0.036
,,-0.002494,0.134,-0.42,-0.036,-0.036
,,-0.002492,0.136,-0.42,-0.04,-0.04
,,-0.00249,0.138,-0.4,-0.04,-0.04
,,-0.002488,0.14,-0.38,-0.04,-0.04
,,-0.002486,0.142,-0.36,-0.036,-0.036
,,-0.002484,0.144,-0.34,-0.04,-0.04
,,-0.002482,0.146,-0.34,-0.04,-0.04
,,-0.00248,0.148,-0.32,-0.036,-0.036
,,-0.002478,0.15,-0.28,-0.044,-0.044
,,-0.002476,0.152,-0.24,-0.044,-0.044
,,-0.002474,0.154,-0.24,-0.04,-0.04
,,-0.002472,0.156,-0.22,-0.044,-0.044
,,-0.00247,0.158,-0.18,-0.04,-0.04
,,-0.002468,0.16,-0.16,-0.044,-0.044
,,-0.002466,0.162,-0.16,-0.04,-0.04
,,-0.002464,0.164,-0.12,-0.044,-0.044
,,-0.002462,0.166,-0.1,-0.044,-0.044
,,-0.00246,0.168,-0.06,-0.044,-0.044
,,-0.002458,0.17,-0.02,-0.044,-0.044
,,-0.002456,0.172,-0.02,-0.04,-0.04
,,-0.002454,0.174,0.02,-0.044,-0.044
,,-0.002452,0.176,0.04,-0.048,-0.048
,,-0.00245,0.178,0.06,-0.044,-0.044
,,-0.002448,0.18,0.08,-0.044,-0.044
,,-0.002446,0.182,0.1,-0.044,-0.044
,,-0.002444,0.184,0.14,-0.044,-0.044
,,-0.002442,0.186,0.16,-0.044,-0.044
,,-0.00244,0.188,0.18,-0.044,-0.044
,,-0.002438,0.19,0.2,-0.044,-0.044
,,-0.002436,0.192,0.24,-0.044,-0.044
,,-0.002434,0.194,0.24,-0.044,-0.044
,,-0.002432,0.196,0.28,-0.044,-0.044
,,-0.00243,0.198,0.3,-0.044,-0.044
,,-0.002428,0.2,0.32,-0.044,-0.044
,,-0.002426,0.202,0.34,-0.048,-0.048
,,-0.002424,0.204,0.34,-0.044,-0.044
,,-0.002422,0.206,0.36,-0.048,-0.048
,,-0.00242,0.208,0.38,-0.048,-0.048
,,-0.002418,0.21,0.38,-0.048,-0.048
,,-0.002416,0.212,0.4,-0.044,-0.044
,,-0.002414,0.214,0.44,-0.044,-0.044
,,-0.002412,0.216,0.44,-0.048,-0.048
,,-0.00241,0.218,0.46,-0.052,-0.052
,,-0.002408,0.22,0.46,-0.048,-0.048
,,-0.002406,0.222,0.48,-0.048,-0.048
,,-0.002404,0.224,0.48,-0.052,-0.052
,,-0.002402,0.226,0.48,-0.048,-0.048
,,-0.0024,0.228,0.52,-0.048,-0.048
,,-0.002398,0.23,0.5,-0.052,-0.052
,,-0.002396,0.232,0.52,-0.052,-0.052
,,-0.002394,0.234,0.54,-0.048,-0.048
,,-0.002392,0.236,0.5,-0.048,-0.048
,,-0.00239,0.238,0.52,-0.052,-0.052
,,-0.002388,0.24,0.52,-0.052,-0.052
,,-0.002386,0.242,0.5,-0.052,-0.052
,,-0.002384,0.244,0.5,-0.052,-0.052
,,-0.002382,0.246,0.5,-0.052,-0.052
,,-0.00238,0.248,0.48,-0.048,-0.048
,,-0.002378,0.25,0.48,-0.052,-0.052
,,-0.002376,0.252,0.5,-0.052,-0.052
,,-0.002374,0.254,0.44,-0.056,-0.056
,,-0.002372,0.256,0.46,-0.052,-0.052
,,-0.00237,0.258,0.44,-0.056,-0.056
,,-0.002368,0.26,0.44,-0.052,-0.052
,,-0.002366,0.262,0.44,-0.052,-0.052
,,-0.002364,0.264,0.4,-0.052,-0.052
,,-0.002362,0.266,0.38,-0.056,-0.056
,,-0.00236,0.268,0.38,-0.056,-0.056
,,-0.002358,0.27,0.36,-0.052,-0.052
,,-0.002356,0.272,0.36,-0.052,-0.052
,,-0.002354,0.274,0.32,-0.056,-0.056
,,-0.002352,0.276,0.3,-0.056,-0.056
,,-0.00235,0.278,0.28,-0.052,-0.052
,,-0.002348,0.28,0.26,-0.056,-0.056
,,-0.002346,0.282,0.24,-0.056,-0.056
,,-0.002344,0.284,0.22,-0.052,-0.052
,,-0.002342,0.286,0.2,-0.056,-0.056
,,-0.00234,0.288,0.16,-0.06,-0.06
,,-0.002338,0.29,0.14,-0.052,-0.052
,,-0.002336,0.292,0.12,-0.056,-0.056
,,-0.002334,0.294,0.08,-0.052,-0.052
,,-0.002332,0.296,0.06,-0.06,-0.06
,,-0.00233,0.298,0.04,-0.056,-0.056
,,-0.002328,0.3,0.02,-0.056,-0.056
,,-0.002326,0.302,0.02,-0.056,-0.056
,,-0.002324,0.304,-0.04,-0.056,-0.056
,,-0.002322,0.306,-0.04,-0.056,-0.056
,,-0.00232,0.308,-0.08,-0.056,-0.056
,,-0.002318,0.31,-0.1,-0.056,-0.056
,,-0.002316,0.312,-0.14,-0.06,-0.06
,,-0.002314,0.314,-0.16,-0.06,-0.06
,,-0.002312,0.316,-0.18,-0.06,-0.06
,,-0.00231,0.318,-0.2,-0.06,-0.06
,,-0.002308,0.32,-0.22,-0.06,-0.06
,,-0.002306,0.322,-0.22,-0.056,-0.056
,,-0.002304,0.324,-0.28,-0.056,-0.056
,,-0.002302,0.326,-0.3,-0.06,-0.06
,,-0.0023,0.328,-0.32,-0.056,-0.056
,,-0.002298,0.33,-0.34,-0.06,-0.06
,,-0.002296,0.332,-0.34,-0.056,-0.056
,,-0.002294,0.334,-0.4,-0.056,-0.056
,,-0.002292,0.336,-0.38,-0.06,-0.06
,,-0.00229,0.338,-0.4,-0.06,-0.06
,,-0.002288,0.34,-0.42,-0.06,-0.06
,,-0.002286,0.342,-0.46,-0.056,-0.056
,,-0.002284,0.344,-0.46,-0.06,-0.06
,,-0.002282,0.346,-0.48,-0.06,-0.06
,,-0.00228,0.348,-0.48,-0.06,-0.06
,,-0.002278,0.35,-0.48,-0.06,-0.06
,,-0.002276,0.352,-0.5,-0.06,-0.06
,,-0.002274,0.354,-0.5,-0.06,-0.06
,,-0.002272,0.356,-0.52,-0.06,-0.06
,,-0.00227,0.358,-0.52,-0.06,-0.06
,,-0.002268,0.36,-0.52,-0.056,-0.056
,,-0.002266,0.362,-0.54,-0.06,-0.06
,,-0.002264,0.364,-0.56,-0.06,-0.06
,,-0.002262,0.366,-0.56,-0.056,-0.056
,,-0.00226,0.368,-0.56,-0.056,-0.056
,,-0.002258,0.37,-0.54,-0.06,-0.06
,,-0.002256,0.372,-0.54,-0.06,-0.06
,,-0.002254,0.374,-0.56,-0.056,-0.056
,,-0.002252,0.376,-0.54,-0.06,-0.06
,,-0.00225,0.378,-0.56,-0.056,-0.056
,,-0.002248,0.38,-0.5,-0.056,-0.056
,,-0.002246,0.382,-0.52,-0.056,-0.056
,,-0.002244,0.384,-0.52,-0.056,-0.056
,,-0.002242,0.386,-0.5,-0.056,-0.056
,,-0.00224,0.388,-0.48,-0.056,-0.056
,,-0.002238,0.39,-0.48,-0.056,-0.056
,,-0.002236,0.392,-0.46,-0.052,-0.052
,,-0.002234,0.394,-0.44,-0.056,-0.056
,,-0.002232,0.396,-0.44,-0.052,-0.052
,,-0.00223,0.398,-0.42,-0.06,-0.06
,,-0.002228,0.4,-0.42,-0.056,-0.056
,,-0.002226,0.402,-0.38,-0.052,-0.052
,,-0.002224,0.404,-0.36,-0.056,-0.056
,,-0.002222,0.406,-0.36,-0.056,-0.056
,,-0.00222,0.408,-0.34,-0.052,-0.052
,,-0.002218,0.41,-0.3,-0.056,-0.056
,,-0.002216,0.412,-0.28,-0.052,-0.052
,,-0.002214,0.414,-0.28,-0.052,-0.052
,,-0.002212,0.416,-0.24,-0.056,-0.056
,,-0.00221,0.418,-0.22,-0.056,-0.056
,,-0.002208,0.42,-0.22,-0.056,-0.056
,,-0.002206,0.422,-0.16,-0.056,-0.056
,,-0.002204,0.424,-0.14,-0.052,-0.052
,,-0.002202,0.426,-0.16,-0.052,-0.052
,,-0.0022,0.428,-0.08,-0.056,-0.056
,,-0.002198,0.43,-0.06,-0.052,-0.052
,,-0.002196,0.432,-0.04,-0.056,-0.056
,,-0.002194,0.434,-0.02,-0.052,-0.052
,,-0.002192,0.436,0,-0.052,-0.052
,,-0.00219,0.438,0.02,-0.052,-0.052
,,-0.002188,0.44,0.04,-0.052,-0.052
,,-0.002186,0.442,0.06,-0.052,-0.052
,,-0.002184,0.444,0.1,-0.052,-0.052
,,-0.002182,0.446,0.12,-0.052,-0.052
,,-0.00218,0.448,0.16,-0.052,-0.052
,,-0.002178,0.45,0.2,-0.052,-0.052
,,-0.002176,0.452,0.2,-0.048,-0.048
,,-0.002174,0.454,0.22,-0.052,-0.052
,,-0.002172,0.456,0.24,-0.048,-0.048
,,-0.00217,0.458,0.26,-0.048,-0.048
,,-0.002168,0.46,0.28,-0.052,-0.052
,,-0.002166,0.462,0.3,-0.052,-0.052
,,-0.002164,0.464,0.34,-0.048,-0.048
,,-0.002162,0.466,0.34,-0.052,-0.052
,,-0.00216,0.468,0.36,-0.048,-0.048
,,-0.002158,0.47,0.38,-0.048,-0.048
,,-0.002156,0.472,0.38,-0.048,-0.048
,,-0.002154,0.474,0.4,-0.048,-0.048
,,-0.002152,0.476,0.44,-0.048,-0.048
,,-0.00215,0.478,0.44,-0.052,-0.052
,,-0.002148,0.48,0.44,-0.048,-0.048
,,-0.002146,0.482,0.46,-0.048,-0.048
,,-0.002144,0.484,0.44,-0.048,-0.048
,,-0.002142,0.486,0.48,-0.048,-0.048
,,-0.00214,0.488,0.48,-0.044,-0.044
,,-0.002138,0.49,0.5,-0.044,-0.044
,,-0.002136,0.492,0.5,-0.048,-0.048
,,-0.002134,0.494,0.5,-0.044,-0.044
,,-0.002132,0.496,0.48,-0.048,-0.048
,,-0.00213,0.498,0.5,-0.048,-0.048
,,-0.002128,0.5,0.5,-0.048,-0.048
,,-0.002126,0.502,0.5,-0.044,-0.044
,,-0.002124,0.504,0.5,-0.044,-0.044
,,-0.002122,0.506,0.5,-0.044,-0.044
,,-0.00212,0.508,0.5,-0.044,-0.044
,,-0.002118,0.51,0.5,-0.044,-0.044
,,-0.002116,0.512,0.5,-0.044,-0.044
,,-0.002114,0.514,0.48,-0.044,-0.044
,,-0.002112,0.516,0.48,-0.04,-0.04
,,-0.00211,0.518,0.44,-0.04,-0.04
,,-0.002108,0.52,0.42,-0.04,-0.04
,,-0.002106,0.522,0.44,-0.048,-0.048
,,-0.002104,0.524,0.42,-0.044,-0.044
,,-0.002102,0.526,0.42,-0.04,-0.04
,,-0.0021,0.528,0.42,-0.04,-0.04
,,-0.002098,0.53,0.38,-0.044,-0.044
,,-0.002096,0.532,0.38,-0.04,-0.04
,,-0.002094,0.534,0.36,-0.04,-0.04
,,-0.002092,0.536,0.32,-0.044,-0.044
,,-0.00209,0.538,0.3,-0.044,-0.044
,,-0.002088,0.54,0.3,-0.04,-0.04
,,-0.002086,0.542,0.26,-0.04,-0.04
,,-0.002084,0.544,0.24,-0.044,-0.044
,,-0.002082,0.546,0.22,-0.044,-0.044
,,-0.00208,0.548,0.2,-0.044,-0.044
,,-0.002078,0.55,0.18,-0.044,-0.044
,,-0.002076,0.552,0.16,-0.044,-0.044
,,-0.002074,0.554,0.14,-0.04,-0.04
,,-0.002072,0.556,0.1,-0.04,-0.04
,,-0.00207,0.558,0.08,-0.04,-0.04
,,-0.002068,0.56,0.04,-0.04,-0.04
,,-0.002066,0.562,0.04,-0.04,-0.04
,,-0.002064,0.564,0.02,-0.04,-0.04
,,-0.002062,0.566,-0.02,-0.04,-0.04
,,-0.00206,0.568,-0.04,-0.04,-0.04
,,-0.002058,0.57,-0.06,-0.04,-0.04
,,-0.002056,0.572,-0.1,-0.036,-0.036
,,-0.002054,0.574,-0.1,-0.04,-0.04
,,-0.002052,0.576,-0.16,-0.04,-0.04
,,-0.00205,0.578,-0.16,-0.036,-0.036
,,-0.002048,0.58,-0.18,-0.036,-0.036
,,-0.002046,0.582,-0.22,-0.036,-0.036
,,-0.002044,0.584,-0.22,-0.036,-0.036
,,-0.002042,0.586,-0.26,-0.032,-0.032
,,-0.00204,0.588,-0.28,-0.036,-0.036
,,-0.002038,0.59,-0.3,-0.04,-0.04
,,-0.002036,0.592,-0.32,-0.04,-0.04
,,-0.002034,0.594,-0.34,-0.032,-0.032
,,-0.002032,0.596,-0.36,-0.036,-0.036
,,-0.00203,0.598,-0.36,-0.036,-0.036
,,-0.002028,0.6,-0.4,-0.032,-0.032
,,-0.002026,0.602,-0.4,-0.032,-0.032
,,-0.002024,0.604,-0.42,-0.032,-0.032
,,-0.002022,0.606,-0.46,-0.036,-0.036
,,-0.00202,0.608,-0.46,-0.036,-0.036
,,-0.002018,0.61,-0.48,-0.032,-0.032
,,-0.002016,0.612,-0.48,-0.036,-0.036
,,-0.002014,0.614,-0.5,-0.036,-0.036
,,-0.002012,0.616,-0.52,-0.036,-0.036
,,-0.00201,0.618,-0.52,-0.032,-0.032
,,-0.002008,0.62,-0.52,-0.032,-0.032
,,-0.002006,0.622,-0.52,-0.032,-0.032
,,-0.002004,0.624,-0.56,-0.032,-0.032
,,-0.002002,0.626,-0.54,-0.036,-0.036
,,-0.002,0.628,-0.56,-0.028,-0.028
,,-0.001998,0.63,-0.56,-0.032,-0.032
,,-0.001996,0.632,-0.54,-0.032,-0.032
,,-0.001994,0.634,-0.56,-0.032,-0.032
,,-0.001992,0.636,-0.56,-0.036,-0.036
,,-0.00199,0.638,-0.56,-0.032,-0.032
,,-0.001988,0.64,-0.54,-0.032,-0.032
,,-0.001986,0.642,-0.52,-0.032,-0.032
,,-0.001984,0.644,-0.52,-0.028,-0.028
,,-0.001982,0.646,-0.52,-0.028,-0.028
,,-0.00198,0.648,-0.5,-0.032,-0.032
,,-0.001978,0.65,-0.5,-0.028,-0.028
,,-0.001976,0.652,-0.5,-0.032,-0.032
,,-0.001974,0.654,-0.48,-0.028,-0.028
,,-0.001972,0.656,-0.44,-0.028,-0.028
,,-0.00197,0.658,-0.46,-0.032,-0.032
,,-0.001968,0.66,-0.44,-0.028,-0.028
,,-0.001966,0.662,-0.42,-0.032,-0.032
,,-0.001964,0.664,-0.38,-0.028,-0.028
,,-0.001962,0.666,-0.38,-0.028,-0.028
,,-0.00196,0.668,-0.36,-0.028,-0.028
,,-0.001958,0.67,-0.34,-0.028,-0.028
,,-0.001956,0.672,-0.32,-0.028,-0.028
,,-0.001954,0.674,-0.3,-0.028,-0.028
,,-0.001952,0.676,-0.28,-0.024,-0.024
,,-0.00195,0.678,-0.26,-0.024,-0.024
,,-0.001948,0.68,-0.22,-0.024,-0.024
,,-0.001946,0.682,-0.2,-0.028,-0.028
,,-0.001944,0.684,-0.2,-0.028,-0.028
,,-0.001942,0.686,-0.18,-0.024,-0.024
,,-0.00194,0.688,-0.12,-0.028,-0.028
,,-0.001938,0.69,-0.1,-0.024,-0.024
,,-0.001936,0.692,-0.08,-0.024,-0.024
,,-0.001934,0.694,-0.06,-0.024,-0.024
,,-0.001932,0.696,-0.04,-0.024,-0.024
,,-0.00193,0.698,-0.02,-0.024,-0.024
,,-0.001928,0.7,0,-0.024,-0.024
,,-0.001926,0.702,0.04,-0.024,-0.024
,,-0.001924,0.704,0.06,-0.024,-0.024
,,-0.001922,0.706,0.08,-0.024,-0.024
,,-0.00192,0.708,0.1,-0.02,-0.02
,,-0.001918,0.71,0.12,-0.024,-0.024
,,-0.001916,0.712,0.18,-0.024,-0.024
,,-0.001914,0.714,0.16,-0.02,-0.02
,,-0.001912,0.716,0.18,-0.024,-0.024
,,-0.00191,0.718,0.24,-0.02,-0.02
,,-0.001908,0.72,0.24,-0.02,-0.02
,,-0.001906,0.722,0.28,-0.02,-0.02
,,-0.001904,0.724,0.28,-0.02,-0.02
,,-0.001902,0.726,0.3,-0.02,-0.02
,,-0.0019,0.728,0.32,-0.02,-0.02
,,-0.001898,0.73,0.34,-0.02,-0.02
,,-0.001896,0.732,0.36,-0.02,-0.02
,,-0.001894,0.734,0.38,-0.02,-0.02
,,-0.001892,0.736,0.4,-0.02,-0.02
,,-0.00189,0.738,0.42,-0.02,-0.02
,,-0.001888,0.74,0.42,-0.016,-0.016
,,-0.001886,0.742,0.44,-0.02,-0.02
,,-0.001884,0.744,0.44,-0.024,-0.024
,,-0.001882,0.746,0.46,-0.02,-0.02
,,-0.00188,0.748,0.5,-0.02,-0.02
,,-0.001878,0.75,0.48,-0.02,-0.02
,,-0.001876,0.752,0.5,-0.016,-0.016
,,-0.001874,0.754,0.5,-0.02,-0.02
,,-0.001872,0.756,0.5,-0.016,-0.016
,,-0.00187,0.758,0.5,-0.016,-0.016
,,-0.001868,0.76,0.52,-0.02,-0.02
,,-0.001866,0.762,0.52,-0.016,-0.016
,,-0.001864,0.764,0.5,-0.016,-0.016
,,-0.001862,0.766,0.5,-0.016,-0.016
,,-0.00186,0.768,0.5,-0.016,-0.016
,,-0.001858,0.77,0.5,-0.016,-0.016
,,-0.001856,0.772,0.5,-0.012,-0.012
,,-0.001854,0.774,0.5,-0.016,-0.016
,,-0.001852,0.776,0.48,-0.016,-0.016
,,-0.00185,0.778,0.46,-0.016,-0.016
,,-0.001848,0.78,0.46,-0.016,-0.016
,,-0.001846,0.782,0.44,-0.016,-0.016
,,-0.001844,0.784,0.44,-0.016,-0.016
,,-0.001842,0.786,0.44,-0.016,-0.016
,,-0.00184,0.788,0.42,-0.012,-0.012
,,-0.001838,0.79,0.4,-0.016,-0.016
,,-0.001836,0.792,0.38,-0.016,-0.016
,,-0.001834,0.794,0.38,-0.012,-0.012
,,-0.001832,0.796,0.36,-0.016,-0.016
,,-0.00183,0.798,0.32,-0.016,-0.016
,,-0.001828,0.8,0.32,-0.012,-0.012
,,-0.001826,0.802,0.3,-0.012,-0.012
,,-0.001824,0.804,0.26,-0.012,-0.012
,,-0.001822,0.806,0.26,-0.012,-0.012
,,-0.00182,0.808,0.22,-0.012,-0.012
,,-0.001818,0.81,0.22,-0.012,-0.012
,,-0.001816,0.812,0.2,-0.012,-0.012
,,-0.001814,0.814,0.18,-0.012,-0.012
,,-0.001812,0.816,0.14,-0.012,-0.012
,,-0.00181,0.818,0.12,-0.012,-0.012
,,-0.001808,0.82,0.1,-0.008,-0.008
,,-0.001806,0.822,0.08,-0.012,-0.012
,,-0.001804,0.824,0.04,-0.008,-0.008
,,-0.001802,0.826,0.02,-0.008,-0.008
,,-0.0018,0.828,0,-0.012,-0.012
,,-0.001798,0.83,-0.02,-0.008,-0.008
,,-0.001796,0.832,-0.02,-0.008,-0.008
,,-0.001794,0.834,-0.08,-0.008,-0.008
,,-0.001792,0.836,-0.12,-0.012,-0.012
,,-0.00179,0.838,-0.14,-0.012,-0.012
,,-0.001788,0.84,-0.16,-0.012,-0.012
,,-0.001786,0.842,-0.18,-0.008,-0.008
,,-0.001784,0.844,-0.2,-0.008,-0.008
,,-0.001782,0.846,-0.22,-0.008,-0.008
,,-0.00178,0.848,-0.24,-0.008,-0.008
,,-0.001778,0.85,-0.26,-0.008,-0.008
,,-0.001776,0.852,-0.3,-0.008,-0.008
,,-0.001774,0.854,-0.3,-0.008,-0.008
,,-0.001772,0.856,-0.34,-0.008,-0.008
,,-0.00177,0.858,-0.36,-0.008,-0.008
,,-0.001768,0.86,-0.36,-0.008,-0.008
,,-0.001766,0.862,-0.38,-0.008,-0.008
,,-0.001764,0.864,-0.4,-0.008,-0.008
,,-0.001762,0.866,-0.42,-0.008,-0.008
,,-0.00176,0.868,-0.42,-0.008,-0.008
,,-0.001758,0.87,-0.46,-0.008,-0.008
,,-0.001756,0.872,-0.48,-0.004,-0.004
,,-0.001754,0.874,-0.48,-0.008,-0.008
,,-0.001752,0.876,-0.48,-0.008,-0.008
,,-0.00175,0.878,-0.52,-0.004,-0.004
,,-0.001748,0.88,-0.5,-0.008,-0.008
,,-0.001746,0.882,-0.52,-0.004,-0.004
,,-0.001744,0.884,-0.5,-0.004,-0.004
,,-0.001742,0.886,-0.54,-0.004,-0.004
,,-0.00174,0.888,-0.56,-0.008,-0.008
,,-0.001738,0.89,-0.56,-0.008,-0.008
,,-0.001736,0.892,-0.56,-0.004,-0.004
,,-0.001734,0.894,-0.54,-0.008,-0.008
,,-0.001732,0.896,-0.56,-0.004,-0.004
,,-0.00173,0.898,-0.54,-0.004,-0.004
,,-0.001728,0.9,-0.54,-0.004,-0.004
,,-0.001726,0.902,-0.54,-0.008,-0.008
,,-0.001724,0.904,-0.56,-0.004,-0.004
,,-0.001722,0.906,-0.52,-0.004,-0.004
,,-0.00172,0.908,-0.52,-0.004,-0.004
,,-0.001718,0.91,-0.5,-0.004,-0.004
,,-0.001716,0.912,-0.5,-0.004,-0.004
,,-0.001714,0.914,-0.5,0,0
,,-0.001712,0.916,-0.48,-0.004,-0.004
,,-0.00171,0.918,-0.48,-0.004,-0.004
,,-0.001708,0.92,-0.46,0,0
,,-0.001706,0.922,-0.42,-0.004,-0.004
,,-0.001704,0.924,-0.44,-0.004,-0.004
,,-0.001702,0.926,-0.38,-0.004,-0.004
,,-0.0017,0.928,-0.38,0,0
,,-0.001698,0.93,-0.36,-0.004,-0.004
,,-0.001696,0.932,-0.36,-0.004,-0.004
,,-0.001694,0.934,-0.34,-0.004,-0.004
,,-0.001692,0.936,-0.32,-0.004,-0.004
,,-0.00169,0.938,-0.3,0,0
,,-0.001688,0.94,-0.28,0,0
,,-0.001686,0.942,-0.24,0,0
,,-0.001684,0.944,-0.22,0,0
,,-0.001682,0.946,-0.2,-0.004,-0.004
,,-0.00168,0.948,-0.18,0,0
,,-0.001678,0.95,-0.18,0,0
,,-0.001676,0.952,-0.14,0,0
,,-0.001674,0.954,-0.12,0,0
,,-0.001672,0.956,-0.08,0,0
,,-0.00167,0.958,-0.06,0,0
,,-0.001668,0.96,-0.02,0,0
,,-0.001666,0.962,-0.02,0,0
,,-0.001664,0.964,0.02,0.004,0.004
,,-0.001662,0.966,0.04,-0.004,-0.004
,,-0.00166,0.968,0.08,0,0
,,-0.001658,0.97,0.1,0,0
,,-0.001656,0.972,0.12,0.004,0.004
,,-0.001654,0.974,0.14,0.004,0.004
,,-0.001652,0.976,0.18,0.004,0.004
,,-0.00165,0.978,0.2,0.004,0.004
,,-0.001648,0.98,0.2,0.004,0.004
,,-0.001646,0.982,0.24,0,0
,,-0.001644,0.984,0.24,0,0
,,-0.001642,0.986,0.28,0,0
,,-0.00164,0.988,0.3,0,0
,,-0.001638,0.99,0.32,0.004,0.004
,,-0.001636,0.992,0.34,0,0
,,-0.001634,0.994,0.36,0,0
,,-0.001632,0.996,0.38,0,0
,,-0.00163,0.998,0.4,0.004,0.004
,,-0.001628,1,0.4,0.004,0.004
,,-0.001626,1.002,0.44,0,0
,,-0.001624,1.004,0.42,0.004,0.004
,,-0.001622,1.006,0.44,0,0
,,-0.00162,1.008,0.46,0,0
,,-0.001618,1.01,0.48,0.004,0.004
,,-0.001616,1.012,0.46,0.004,0.004
,,-0.001614,1.014,0.5,0.004,0.004
,,-0.001612,1.016,0.5,0.004,0.004
,,-0.00161,1.018,0.5,0.008,0.008
,,-0.001608,1.02,0.5,0.004,0.004
,,-0.001606,1.022,0.5,0.004,0.004
,,-0.001604,1.024,0.5,0.008,0.008
,,-0.001602,1.026,0.5,0.008,0.008
,,-0.0016,1.028,0.5,0.004,0.004
,,-0.001598,1.03,0.5,0.008,0.008
,,-0.001596,1.032,0.5,0.004,0.004
,,-0.001594,1.034,0.5,0.008,0.008
,,-0.001592,1.036,0.5,0.004,0.004
,,-0.00159,1.038,0.48,0.004,0.004
,,-0.001588,1.04,0.48,0.004,0.004
,,-0.001586,1.042,0.48,0.008,0.008
,,-0.001584,1.044,0.46,0.004,0.004
,,-0.001582,1.046,0.44,0.008,0.008
,,-0.00158,1.048,0.44,0.004,0.004
,,-0.001578,1.05,0.42,0.004,0.004
,,-0.001576,1.052,0.4,0.008,0.008
,,-0.001574,1.054,0.4,0.004,0.004
,,-0.001572,1.056,0.38,0.012,0.012
,,-0.00157,1.058,0.36,0.008,0.008
,,-0.001568,1.06,0.36,0.008,0.008
,,-0.001566,1.062,0.32,0.008,0.008
,,-0.001564,1.064,0.34,0.012,0.012
,,-0.001562,1.066,0.32,0.008,0.008
,,-0.00156,1.068,0.28,0.004,0.004
,,-0.001558,1.07,0.24,0.008,0.008
,,-0.001556,1.072,0.22,0.008,0.008
,,-0.001554,1.074,0.2,0.004,0.004
,,-0.001552,1.076,0.2,0.008,0.008
,,-0.00155,1.078,0.16,0.012,0.012
,,-0.001548,1.08,0.12,0.008,0.008
,,-0.001546,1.082,0.12,0.008,0.008
,,-0.001544,1.084,0.08,0.008,0.008
,,-0.001542,1.086,0.06,0.012,0.012
,,-0.00154,1.088,0.02,0.008,0.008
,,-0.001538,1.09,0.02,0.012,0.012
,,-0.001536,1.092,0.02,0.008,0.008
,,-0.001534,1.094,-0.02,0.008,0.008
,,-0.001532,1.096,-0.08,0.012,0.012
,,-0.00153,1.098,-0.1,0.008,0.008
,,-0.001528,1.1,-0.12,0.012,0.012
,,-0.001526,1.102,-0.16,0.012,0.012
,,-0.001524,1.104,-0.16,0.008,0.008
,,-0.001522,1.106,-0.16,0.012,0.012
,,-0.00152,1.108,-0.2,0.012,0.012
,,-0.001518,1.11,-0.24,0.008,0.008
,,-0.001516,1.112,-0.26,0.012,0.012
,,-0.001514,1.114,-0.28,0.012,0.012
,,-0.001512,1.116,-0.3,0.012,0.012
,,-0.00151,1.118,-0.3,0.008,0.008
,,-0.001508,1.12,-0.34,0.012,0.012
,,-0.001506,1.122,-0.34,0.016,0.016
,,-0.001504,1.124,-0.36,0.012,0.012
,,-0.001502,1.126,-0.38,0.012,0.012
,,-0.0015,1.128,-0.42,0.012,0.012
,,-0.001498,1.13,-0.44,0.012,0.012
,,-0.001496,1.132,-0.44,0.012,0.012
,,-0.001494,1.134,-0.46,0.012,0.012
,,-0.001492,1.136,-0.46,0.016,0.016
,,-0.00149,1.138,-0.5,0.012,0.012
,,-0.001488,1.14,-0.48,0.016,0.016
,,-0.001486,1.142,-0.5,0.016,0.016
,,-0.001484,1.144,-0.5,0.012,0.012
,,-0.001482,1.146,-0.52,0.016,0.016
,,-0.00148,1.148,-0.54,0.016,0.016
,,-0.001478,1.15,-0.54,0.016,0.016
,,-0.001476,1.152,-0.54,0.012,0.012
,,-0.001474,1.154,-0.54,0.016,0.016
,,-0.001472,1.156,-0.56,0.012,0.012
,,-0.00147,1.158,-0.56,0.016,0.016
,,-0.001468,1.16,-0.54,0.016,0.016
,,-0.001466,1.162,-0.54,0.016,0.016
,,-0.001464,1.164,-0.56,0.016,0.016
,,-0.001462,1.166,-0.54,0.012,0.012
,,-0.00146,1.168,-0.52,0.016,0.016
,,-0.001458,1.17,-0.5,0.016,0.016
,,-0.001456,1.172,-0.52,0.016,0.016
,,-0.001454,1.174,-0.52,0.016,0.016
,,-0.001452,1.176,-0.5,0.016,0.016
,,-0.00145,1.178,-0.48,0.016,0.016
,,-0.001448,1.18,-0.48,0.016,0.016
,,-0.001446,1.182,-0.48,0.012,0.012
,,-0.001444,1.184,-0.44,0.016,0.016
,,-0.001442,1.186,-0.42,0.016,0.016
,,-0.00144,1.188,-0.4,0.016,0.016
,,-0.001438,1.19,-0.4,0.012,0.012
,,-0.001436,1.192,-0.36,0.016,0.016
,,-0.001434,1.194,-0.36,0.016,0.016
,,-0.001432,1.196,-0.34,0.016,0.016
,,-0.00143,1.198,-0.32,0.016,0.016
,,-0.001428,1.2,-0.3,0.016,0.016
,,-0.001426,1.202,-0.28,0.016,0.016
,,-0.001424,1.204,-0.26,0.016,0.016
,,-0.001422,1.206,-0.24,0.02,0.02
,,-0.00142,1.208,-0.22,0.016,0.016
,,-0.001418,1.21,-0.2,0.02,0.02
,,-0.001416,1.212,-0.16,0.02,0.02
,,-0.001414,1.214,-0.14,0.02,0.02
,,-0.001412,1.216,-0.12,0.02,0.02
,,-0.00141,1.218,-0.08,0.02,0.02
,,-0.001408,1.22,-0.06,0.016,0.016
,,-0.001406,1.222,-0.06,0.02,0.02
,,-0.001404,1.224,0,0.016,0.016
,,-0.001402,1.226,0.02,0.02,0.02
,,-0.0014,1.228,0.02,0.02,0.02
,,-0.001398,1.23,0.06,0.016,0.016
,,-0.001396,1.232,0.08,0.02,0.02
,,-0.001394,1.234,0.1,0.02,0.02
,,-0.001392,1.236,0.14,0.016,0.016
,,-0.00139,1.238,0.16,0.02,0.02
,,-0.001388,1.24,0.18,0.02,0.02
,,-0.001386,1.242,0.22,0.016,0.016
,,-0.001384,1.244,0.24,0.02,0.02
,,-0.001382,1.246,0.24,0.02,0.02
,,-0.00138,1.248,0.28,0.02,0.02
,,-0.001378,1.25,0.3,0.02,0.02
,,-0.001376,1.252,0.3,0.02,0.02
,,-0.001374,1.254,0.32,0.02,0.02
,,-0.001372,1.256,0.36,0.016,0.016
,,-0.00137,1.258,0.36,0.02,0.02
,,-0.001368,1.26,0.36,0.02,0.02
,,-0.001366,1.262,0.4,0.02,0.02
,,-0.001364,1.264,0.42,0.02,0.02
,,-0.001362,1.266,0.42,0.02,0.02
,,-0.00136,1.268,0.44,0.02,0.02
,,-0.001358,1.27,0.44,0.024,0.024
,,-0.001356,1.272,0.48,0.024,0.024
,,-0.001354,1.274,0.46,0.02,0.02
,,-0.001352,1.276,0.5,0.02,0.02
,,-0.00135,1.278,0.5,0.02,0.02
,,-0.001348,1.28,0.48,0.02,0.02
,,-0.001346,1.282,0.5,0.02,0.02
,,-0.001344,1.284,0.5,0.024,0.024
,,-0.001342,1.286,0.5,0.024,0.024
,,-0.00134,1.288,0.5,0.02,0.02
,,-0.001338,1.29,0.52,0.024,0.024
,,-0.001336,1.292,0.52,0.024,0.024
,,-0.001334,1.294,0.5,0.024,0.024
,,-0.001332,1.296,0.5,0.024,0.024
,,-0.00133,1.298,0.5,0.02,0.02
,,-0.001328,1.3,0.5,0.02,0.02
,,-0.001326,1.302,0.46,0.024,0.024
,,-0.001324,1.304,0.48,0.02,0.02
,,-0.001322,1.306,0.46,0.024,0.024
,,-0.00132,1.308,0.46,0.016,0.016
,,-0.001318,1.31,0.44,0.02,0.02
,,-0.001316,1.312,0.42,0.024,0.024
,,-0.001314,1.314,0.42,0.024,0.024
,,-0.001312,1.316,0.4,0.02,0.02
,,-0.00131,1.318,0.38,0.02,0.02
,,-0.001308,1.32,0.38,0.02,0.02
,,-0.001306,1.322,0.36,0.024,0.024
,,-0.001304,1.324,0.34,0.02,0.02
,,-0.001302,1.326,0.34,0.02,0.02
,,-0.0013,1.328,0.3,0.024,0.024
,,-0.001298,1.33,0.28,0.024,0.024
,,-0.001296,1.332,0.28,0.024,0.024
,,-0.001294,1.334,0.24,0.024,0.024
,,-0.001292,1.336,0.22,0.024,0.024
,,-0.00129,1.338,0.22,0.024,0.024
,,-0.001288,1.34,0.16,0.024,0.024
,,-0.001286,1.342,0.14,0.024,0.024
,,-0.001284,1.344,0.12,0.024,0.024
,,-0.001282,1.346,0.1,0.028,0.028
,,-0.00128,1.348,0.08,0.024,0.024
,,-0.001278,1.35,0.06,0.024,0.024
,,-0.001276,1.352,0.02,0.024,0.024
,,-0.001274,1.354,0,0.024,0.024
,,-0.001272,1.356,-0.02,0.024,0.024
,,-0.00127,1.358,-0.06,0.02,0.02
,,-0.001268,1.36,-0.08,0.02,0.02
,,-0.001266,1.362,-0.1,0.024,0.024
,,-0.001264,1.364,-0.14,0.024,0.024
,,-0.001262,1.366,-0.16,0.024,0.024
,,-0.00126,1.368,-0.16,0.024,0.024
,,-0.001258,1.37,-0.18,0.024,0.024
,,-0.001256,1.372,-0.22,0.02,0.02
,,-0.001254,1.374,-0.22,0.02,0.02
,,-0.001252,1.376,-0.26,0.024,0.024
,,-0.00125,1.378,-0.3,0.02,0.02
,,-0.001248,1.38,-0.3,0.024,0.024
,,-0.001246,1.382,-0.34,0.028,0.028
,,-0.001244,1.384,-0.34,0.028,0.028
,,-0.001242,1.386,-0.36,0.024,0.024
,,-0.00124,1.388,-0.38,0.024,0.024
,,-0.001238,1.39,-0.42,0.024,0.024
,,-0.001236,1.392,-0.44,0.024,0.024
,,-0.001234,1.394,-0.46,0.028,0.028
,,-0.001232,1.396,-0.46,0.028,0.028
,,-0.00123,1.398,-0.46,0.024,0.024
,,-0.001228,1.4,-0.48,0.028,0.028
,,-0.001226,1.402,-0.48,0.024,0.024
,,-0.001224,1.404,-0.5,0.024,0.024
,,-0.001222,1.406,-0.5,0.024,0.024
,,-0.00122,1.408,-0.52,0.024,0.024
,,-0.001218,1.41,-0.52,0.024,0.024
,,-0.001216,1.412,-0.54,0.024,0.024
,,-0.001214,1.414,-0.56,0.028,0.028
,,-0.001212,1.416,-0.56,0.024,0.024
,,-0.00121,1.418,-0.54,0.028,0.028
,,-0.001208,1.42,-0.54,0.024,0.024
,,-0.001206,1.422,-0.54,0.028,0.028
,,-0.001204,1.424,-0.54,0.024,0.024
,,-0.001202,1.426,-0.54,0.024,0.024
,,-0.0012,1.428,-0.54,0.028,0.028
,,-0.001198,1.43,-0.56,0.024,0.024
,,-0.001196,1.432,-0.54,0.024,0.024
,,-0.001194,1.434,-0.5,0.024,0.024
,,-0.001192,1.436,-0.52,0.028,0.028
,,-0.00119,1.438,-0.5,0.028,0.028
,,-0.001188,1.44,-0.48,0.024,0.024
,,-0.001186,1.442,-0.48,0.024,0.024
,,-0.001184,1.444,-0.46,0.024,0.024
,,-0.001182,1.446,-0.44,0.024,0.024
,,-0.00118,1.448,-0.46,0.024,0.024
,,-0.001178,1.45,-0.42,0.028,0.028
,,-0.001176,1.452,-0.4,0.024,0.024
,,-0.001174,1.454,-0.4,0.024,0.024
,,-0.001172,1.456,-0.38,0.024,0.024
,,-0.00117,1.458,-0.38,0.028,0.028
,,-0.001168,1.46,-0.34,0.024,0.024
,,-0.001166,1.462,-0.34,0.028,0.028
,,-0.001164,1.464,-0.3,0.028,0.028
,,-0.001162,1.466,-0.28,0.024,0.024
,,-0.00116,1.468,-0.24,0.028,0.028
,,-0.001158,1.47,-0.22,0.024,0.024
,,-0.001156,1.472,-0.18,0.028,0.028
,,-0.001154,1.474,-0.18,0.028,0.028
,,-0.001152,1.476,-0.16,0.028,0.028
,,-0.00115,1.478,-0.12,0.032,0.032
,,-0.001148,1.48,-0.1,0.028,0.028
,,-0.001146,1.482,-0.08,0.028,0.028
,,-0.001144,1.484,-0.04,0.028,0.028
,,-0.001142,1.486,-0.02,0.024,0.024
,,-0.00114,1.488,0,0.028,0.028
,,-0.001138,1.49,0.02,0.024,0.024
,,-0.001136,1.492,0.04,0.028,0.028
,,-0.001134,1.494,0.08,0.028,0.028
,,-0.001132,1.496,0.1,0.024,0.024
,,-0.00113,1.498,0.1,0.028,0.028
,,-0.001128,1.5,0.12,0.028,0.028
,,-0.001126,1.502,0.16,0.028,0.028
,,-0.001124,1.504,0.18,0.028,0.028
,,-0.001122,1.506,0.2,0.024,0.024
,,-0.00112,1.508,0.24,0.024,0.024
,,-0.001118,1.51,0.24,0.028,0.028
,,-0.001116,1.512,0.28,0.024,0.024
,,-0.001114,1.514,0.3,0.028,0.028
,,-0.001112,1.516,0.3,0.024,0.024
,,-0.00111,1.518,0.32,0.028,0.028
,,-0.001108,1.52,0.36,0.028,0.028
,,-0.001106,1.522,0.36,0.024,0.024
,,-0.001104,1.524,0.42,0.028,0.028
,,-0.001102,1.526,0.4,0.032,0.032
,,-0.0011,1.528,0.4,0.024,0.024
,,-0.001098,1.53,0.44,0.028,0.028
,,-0.001096,1.532,0.44,0.028,0.028
,,-0.001094,1.534,0.44,0.028,0.028
,,-0.001092,1.536,0.46,0.028,0.028
,,-0.00109,1.538,0.5,0.028,0.028
,,-0.001088,1.54,0.5,0.024,0.024
,,-0.001086,1.542,0.5,0.028,0.028
,,-0.001084,1.544,0.5,0.028,0.028
,,-0.001082,1.546,0.5,0.024,0.024
,,-0.00108,1.548,0.5,0.028,0.028
,,-0.001078,1.55,0.52,0.028,0.028
,,-0.001076,1.552,0.5,0.024,0.024
,,-0.001074,1.554,0.5,0.024,0.024
,,-0.001072,1.556,0.52,0.024,0.024
,,-0.00107,1.558,0.52,0.024,0.024
,,-0.001068,1.56,0.5,0.024,0.024
,,-0.001066,1.562,0.5,0.028,0.028
,,-0.001064,1.564,0.5,0.028,0.028
,,-0.001062,1.566,0.48,0.028,0.028
,,-0.00106,1.568,0.48,0.028,0.028
,,-0.001058,1.57,0.44,0.028,0.028
,,-0.001056,1.572,0.44,0.028,0.028
,,-0.001054,1.574,0.46,0.028,0.028
,,-0.001052,1.576,0.44,0.028,0.028
,,-0.00105,1.578,0.44,0.028,0.028
,,-0.001048,1.58,0.4,0.028,0.028
,,-0.001046,1.582,0.38,0.028,0.028
,,-0.001044,1.584,0.36,0.028,0.028
,,-0.001042,1.586,0.36,0.028,0.028
,,-0.00104,1.588,0.36,0.024,0.024
,,-0.001038,1.59,0.32,0.028,0.028
,,-0.001036,1.592,0.3,0.024,0.024
,,-0.001034,1.594,0.28,0.028,0.028
,,-0.001032,1.596,0.26,0.028,0.028
,,-0.00103,1.598,0.24,0.028,0.028
,,-0.001028,1.6,0.22,0.028,0.028
,,-0.001026,1.602,0.2,0.028,0.028
,,-0.001024,1.604,0.18,0.024,0.024
,,-0.001022,1.606,0.14,0.028,0.028
,,-0.00102,1.608,0.1,0.028,0.028
,,-0.001018,1.61,0.08,0.024,0.024
,,-0.001016,1.612,0.08,0.028,0.028
,,-0.001014,1.614,0.02,0.028,0.028
,,-0.001012,1.616,0.02,0.028,0.028
,,-0.00101,1.618,0.02,0.028,0.028
,,-0.001008,1.62,-0.02,0.028,0.028
,,-0.001006,1.622,-0.06,0.028,0.028
,,-0.001004,1.624,-0.08,0.024,0.024
,,-0.001002,1.626,-0.1,0.028,0.028
,,-0.001,1.628,-0.14,0.024,0.024
,,-0.000998,1.63,-0.16,0.028,0.028
,,-0.000996,1.632,-0.2,0.028,0.028
,,-0.000994,1.634,-0.2,0.028,0.028
,,-0.000992,1.636,-0.24,0.024,0.024
,,-0.00099,1.638,-0.24,0.028,0.028
,,-0.000988,1.64,-0.28,0.028,0.028
,,-0.000986,1.642,-0.28,0.024,0.024
,,-0.000984,1.644,-0.32,0.028,0.028
,,-0.000982,1.646,-0.34,0.028,0.028
,,-0.00098,1.648,-0.34,0.028,0.028
,,-0.000978,1.65,-0.36,0.024,0.024
,,-0.000976,1.652,-0.4,0.028,0.028
,,-0.000974,1.654,-0.4,0.024,0.024
,,-0.000972,1.656,-0.4,0.028,0.028
,,-0.00097,1.658,-0.44,0.028,0.028
,,-0.000968,1.66,-0.44,0.028,0.028
,,-0.000966,1.662,-0.48,0.024,0.024
,,-0.000964,1.664,-0.48,0.028,0.028
,,-0.000962,1.666,-0.48,0.024,0.024
,,-0.00096,1.668,-0.5,0.028,0.028
,,-0.000958,1.67,-0.52,0.024,0.024
,,-0.000956,1.672,-0.52,0.028,0.028
,,-0.000954,1.674,-0.5,0.024,0.024
,,-0.000952,1.676,-0.52,0.028,0.028
,,-0.00095,1.678,-0.54,0.028,0.028
,,-0.000948,1.68,-0.52,0.028,0.028
,,-0.000946,1.682,-0.56,0.028,0.028
,,-0.000944,1.684,-0.56,0.028,0.028
,,-0.000942,1.686,-0.54,0.028,0.028
,,-0.00094,1.688,-0.54,0.024,0.024
,,-0.000938,1.69,-0.54,0.024,0.024
,,-0.000936,1.692,-0.54,0.024,0.024
,,-0.000934,1.694,-0.54,0.024,0.024
,,-0.000932,1.696,-0.54,0.024,0.024
,,-0.00093,1.698,-0.54,0.024,0.024
,,-0.000928,1.7,-0.52,0.028,0.028
,,-0.000926,1.702,-0.5,0.028,0.028
,,-0.000924,1.704,-0.48,0.024,0.024
,,-0.000922,1.706,-0.48,0.024,0.024
,,-0.00092,1.708,-0.46,0.028,0.028
,,-0.000918,1.71,-0.46,0.028,0.028
,,-0.000916,1.712,-0.42,0.024,0.024
,,-0.000914,1.714,-0.4,0.028,0.028
,,-0.000912,1.716,-0.4,0.032,0.032
,,-0.00091,1.718,-0.38,0.028,0.028
,,-0.000908,1.72,-0.36,0.028,0.028
,,-0.000906,1.722,-0.34,0.024,0.024
,,-0.000904,1.724,-0.32,0.028,0.028
,,-0.000902,1.726,-0.28,0.024,0.024
,,-0.0009,1.728,-0.28,0.028,0.028
,,-0.000898,1.73,-0.26,0.028,0.028
,,-0.000896,1.732,-0.26,0.028,0.028
,,-0.000894,1.734,-0.24,0.024,0.024
,,-0.000892,1.736,-0.2,0.028,0.028
,,-0.00089,1.738,-0.16,0.024,0.024
,,-0.000888,1.74,-0.16,0.024,0.024
,,-0.000886,1.742,-0.14,0.024,0.024
,,-0.000884,1.744,-0.1,0.024,0.024
,,-0.000882,1.746,-0.08,0.024,0.024
,,-0.00088,1.748,-0.02,0.024,0.024
,,-0.000878,1.75,-0.02,0.028,0.028
,,-0.000876,1.752,0,0.024,0.024
,,-0.000874,1.754,0.02,0.024,0.024
,,-0.000872,1.756,0.04,0.024,0.024
,,-0.00087,1.758,0.08,0.02,0.02
,,-0.000868,1.76,0.1,0.024,0.024
,,-0.000866,1.762,0.12,0.024,0.024
,,-0.000864,1.764,0.14,0.024,0.024
,,-0.000862,1.766,0.18,0.024,0.024
,,-0.00086,1.768,0.2,0.028,0.028
,,-0.000858,1.77,0.22,0.024,0.024
,,-0.000856,1.772,0.24,0.028,0.028
,,-0.000854,1.774,0.26,0.028,0.028
,,-0.000852,1.776,0.28,0.024,0.024
,,-0.00085,1.778,0.32,0.024,0.024
,,-0.000848,1.78,0.34,0.024,0.024
,,-0.000846,1.782,0.34,0.024,0.024
,,-0.000844,1.784,0.38,0.028,0.028
,,-0.000842,1.786,0.36,0.024,0.024
,,-0.00084,1.788,0.4,0.028,0.028
,,-0.000838,1.79,0.4,0.024,0.024
,,-0.000836,1.792,0.42,0.024,0.024
,,-0.000834,1.794,0.44,0.024,0.024
,,-0.000832,1.796,0.44,0.024,0.024
,,-0.00083,1.798,0.46,0.028,0.028
,,-0.000828,1.8,0.46,0.024,0.024
,,-0.000826,1.802,0.48,0.024,0.024
,,-0.000824,1.804,0.48,0.024,0.024
,,-0.000822,1.806,0.5,0.024,0.024
,,-0.00082,1.808,0.5,0.028,0.028
,,-0.000818,1.81,0.5,0.024,0.024
,,-0.000816,1.812,0.52,0.024,0.024
,,-0.000814,1.814,0.5,0.024,0.024
,,-0.000812,1.816,0.5,0.02,0.02
,,-0.00081,1.818,0.5,0.024,0.024
,,-0.000808,1.82,0.52,0.02,0.02
,,-0.000806,1.822,0.5,0.024,0.024
,,-0.000804,1.824,0.5,0.02,0.02
,,-0.000802,1.826,0.5,0.024,0.024
,,-0.0008,1.828,0.5,0.02,0.02
,,-0.000798,1.83,0.48,0.024,0.024
,,-0.000796,1.832,0.46,0.024,0.024
,,-0.000794,1.834,0.46,0.024,0.024
,,-0.000792,1.836,0.44,0.024,0.024
,,-0.00079,1.838,0.44,0.024,0.024
,,-0.000788,1.84,0.42,0.024,0.024
,,-0.000786,1.842,0.42,0.02,0.02
,,-0.000784,1.844,0.4,0.02,0.02
,,-0.000782,1.846,0.38,0.024,0.024
,,-0.00078,1.848,0.36,0.024,0.024
,,-0.000778,1.85,0.34,0.02,0.02
,,-0.000776,1.852,0.32,0.02,0.02
,,-0.000774,1.854,0.3,0.02,0.02
,,-0.000772,1.856,0.28,0.024,0.024
,,-0.00077,1.858,0.28,0.024,0.024
,,-0.000768,1.86,0.24,0.024,0.024
,,-0.000766,1.862,0.22,0.024,0.024
,,-0.000764,1.864,0.22,0.02,0.02
,,-0.000762,1.866,0.18,0.024,0.024
,,-0.00076,1.868,0.16,0.024,0.024
,,-0.000758,1.87,0.14,0.02,0.02
,,-0.000756,1.872,0.1,0.02,0.02
,,-0.000754,1.874,0.08,0.02,0.02
,,-0.000752,1.876,0.04,0.02,0.02
,,-0.00075,1.878,0.04,0.024,0.024
,,-0.000748,1.88,0,0.02,0.02
,,-0.000746,1.882,-0.02,0.02,0.02
,,-0.000744,1.884,-0.04,0.02,0.02
,,-0.000742,1.886,-0.06,0.02,0.02
,,-0.00074,1.888,-0.08,0.02,0.02
,,-0.000738,1.89,-0.14,0.024,0.024
,,-0.000736,1.892,-0.16,0.02,0.02
,,-0.000734,1.894,-0.16,0.024,0.024
,,-0.000732,1.896,-0.18,0.024,0.024
,,-0.00073,1.898,-0.22,0.024,0.024
,,-0.000728,1.9,-0.24,0.02,0.02
,,-0.000726,1.902,-0.26,0.02,0.02
,,-0.000724,1.904,-0.28,0.024,0.024
,,-0.000722,1.906,-0.32,0.016,0.016
,,-0.00072,1.908,-0.32,0.02,0.02
,,-0.000718,1.91,-0.36,0.02,0.02
,,-0.000716,1.912,-0.36,0.02,0.02
,,-0.000714,1.914,-0.36,0.02,0.02
,,-0.000712,1.916,-0.4,0.024,0.024
,,-0.00071,1.918,-0.4,0.02,0.02
,,-0.000708,1.92,-0.42,0.02,0.02
,,-0.000706,1.922,-0.44,0.02,0.02
,,-0.000704,1.924,-0.46,0.02,0.02
,,-0.000702,1.926,-0.46,0.02,0.02
,,-0.0007,1.928,-0.48,0.016,0.016
,,-0.000698,1.93,-0.5,0.02,0.02
,,-0.000696,1.932,-0.5,0.02,0.02
,,-0.000694,1.934,-0.52,0.02,0.02
,,-0.000692,1.936,-0.52,0.02,0.02
,,-0.00069,1.938,-0.54,0.016,0.016
,,-0.000688,1.94,-0.54,0.02,0.02
,,-0.000686,1.942,-0.54,0.016,0.016
,,-0.000684,1.944,-0.54,0.02,0.02
,,-0.000682,1.946,-0.54,0.02,0.02
,,-0.00068,1.948,-0.56,0.02,0.02
,,-0.000678,1.95,-0.54,0.02,0.02
,,-0.000676,1.952,-0.56,0.02,0.02
,,-0.000674,1.954,-0.54,0.02,0.02
,,-0.000672,1.956,-0.54,0.016,0.016
,,-0.00067,1.958,-0.52,0.016,0.016
,,-0.000668,1.96,-0.54,0.02,0.02
,,-0.000666,1.962,-0.52,0.016,0.016
,,-0.000664,1.964,-0.5,0.016,0.016
,,-0.000662,1.966,-0.5,0.016,0.016
,,-0.00066,1.968,-0.48,0.016,0.016
,,-0.000658,1.97,-0.48,0.016,0.016
,,-0.000656,1.972,-0.46,0.016,0.016
,,-0.000654,1.974,-0.44,0.012,0.012
,,-0.000652,1.976,-0.42,0.016,0.016
,,-0.00065,1.978,-0.42,0.016,0.016
,,-0.000648,1.98,-0.4,0.02,0.02
,,-0.000646,1.982,-0.36,0.016,0.016
,,-0.000644,1.984,-0.34,0.02,0.02
,,-0.000642,1.986,-0.34,0.02,0.02
,,-0.00064,1.988,-0.32,0.012,0.012
,,-0.000638,1.99,-0.3,0.016,0.016
,,-0.000636,1.992,-0.3,0.016,0.016
,,-0.000634,1.994,-0.26,0.012,0.012
,,-0.000632,1.996,-0.24,0.016,0.016
,,-0.00063,1.998,-0.2,0.016,0.016
,,-0.000628,2,-0.16,0.016,0.016
,,-0.000626,2.002,-0.16,0.016,0.016
,,-0.000624,2.004,-0.14,0.012,0.012
,,-0.000622,2.006,-0.12,0.012,0.012
,,-0.00062,2.008,-0.08,0.012,0.012
,,-0.000618,2.01,-0.06,0.02,0.02
,,-0.000616,2.012,-0.02,0.012,0.012
,,-0.000614,2.014,0,0.012,0.012
,,-0.000612,2.016,0.02,0.012,0.012
,,-0.00061,2.018,0.02,0.016,0.016
,,-0.000608,2.02,0.04,0.016,0.016
,,-0.000606,2.022,0.08,0.012,0.012
,,-0.000604,2.024,0.1,0.016,0.016
,,-0.000602,2.026,0.12,0.016,0.016
,,-0.0006,2.028,0.14,0.012,0.012
,,-0.000598,2.03,0.18,0.02,0.02
,,-0.000596,2.032,0.2,0.016,0.016
,,-0.000594,2.034,0.24,0.016,0.016
,,-0.000592,2.036,0.24,0.012,0.012
,,-0.00059,2.038,0.26,0.012,0.012
,,-0.000588,2.04,0.28,0.008,0.008
,,-0.000586,2.042,0.32,0.016,0.016
,,-0.000584,2.044,0.34,0.012,0.012
,,-0.000582,2.046,0.36,0.012,0.012
,,-0.00058,2.048,0.38,0.012,0.012
,,-0.000578,2.05,0.36,0.012,0.012
,,-0.000576,2.052,0.4,0.012,0.012
,,-0.000574,2.054,0.42,0.008,0.008
,,-0.000572,2.056,0.42,0.012,0.012
,,-0.00057,2.058,0.42,0.012,0.012
,,-0.000568,2.06,0.44,0.012,0.012
,,-0.000566,2.062,0.46,0.012,0.012
,,-0.000564,2.064,0.46,0.008,0.008
,,-0.000562,2.066,0.5,0.012,0.012
,,-0.00056,2.068,0.48,0.008,0.008
,,-0.000558,2.07,0.5,0.012,0.012
,,-0.000556,2.072,0.5,0.012,0.012
,,-0.000554,2.074,0.5,0.008,0.008
,,-0.000552,2.076,0.5,0.012,0.012
,,-0.00055,2.078,0.5,0.012,0.012
,,-0.000548,2.08,0.52,0.008,0.008
,,-0.000546,2.082,0.52,0.016,0.016
,,-0.000544,2.084,0.5,0.012,0.012
,,-0.000542,2.086,0.5,0.012,0.012
,,-0.00054,2.088,0.5,0.012,0.012
,,-0.000538,2.09,0.48,0.012,0.012
,,-0.000536,2.092,0.48,0.012,0.012
,,-0.000534,2.094,0.48,0.012,0.012
,,-0.000532,2.096,0.48,0.012,0.012
,,-0.00053,2.098,0.46,0.008,0.008
,,-0.000528,2.1,0.48,0.016,0.016
,,-0.000526,2.102,0.42,0.008,0.008
,,-0.000524,2.104,0.44,0.012,0.012
,,-0.000522,2.106,0.42,0.012,0.012
,,-0.00052,2.108,0.38,0.008,0.008
,,-0.000518,2.11,0.36,0.012,0.012
,,-0.000516,2.112,0.36,0.008,0.008
,,-0.000514,2.114,0.34,0.008,0.008
,,-0.000512,2.116,0.32,0.004,0.004
,,-0.00051,2.118,0.3,0.004,0.004
,,-0.000508,2.12,0.28,0.008,0.008
,,-0.000506,2.122,0.26,0.012,0.012
,,-0.000504,2.124,0.24,0.008,0.008
,,-0.000502,2.126,0.2,0.004,0.004
,,-0.0005,2.128,0.18,0.008,0.008
,,-0.000498,2.13,0.16,0.004,0.004
,,-0.000496,2.132,0.14,0.004,0.004
,,-0.000494,2.134,0.12,0.008,0.008
,,-0.000492,2.136,0.08,0.008,0.008
,,-0.00049,2.138,0.06,0.008,0.008
,,-0.000488,2.14,0.04,0.008,0.008
,,-0.000486,2.142,0.02,0.008,0.008
,,-0.000484,2.144,0,0.004,0.004
,,-0.000482,2.146,-0.02,0.004,0.004
,,-0.00048,2.148,-0.06,0.008,0.008
,,-0.000478,2.15,-0.1,0.008,0.008
,,-0.000476,2.152,-0.1,0.004,0.004
,,-0.000474,2.154,-0.12,0.004,0.004
,,-0.000472,2.156,-0.16,0.004,0.004
,,-0.00047,2.158,-0.16,0.004,0.004
,,-0.000468,2.16,-0.2,0.008,0.008
,,-0.000466,2.162,-0.22,0.004,0.004
,,-0.000464,2.164,-0.24,0.004,0.004
,,-0.000462,2.166,-0.26,0.004,0.004
,,-0.00046,2.168,-0.28,0.008,0.008
,,-0.000458,2.17,-0.32,0.004,0.004
,,-0.000456,2.172,-0.34,0.004,0.004
,,-0.000454,2.174,-0.36,0.004,0.004
,,-0.000452,2.176,-0.38,0,0
,,-0.00045,2.178,-0.38,0.004,0.004
,,-0.000448,2.18,-0.42,0,0
,,-0.000446,2.182,-0.42,0.004,0.004
,,-0.000444,2.184,-0.44,0.004,0.004
,,-0.000442,2.186,-0.44,0.004,0.004
,,-0.00044,2.188,-0.46,0,0
,,-0.000438,2.19,-0.48,0,0
,,-0.000436,2.192,-0.5,0,0
,,-0.000434,2.194,-0.5,0.004,0.004
,,-0.000432,2.196,-0.5,0,0
,,-0.00043,2.198,-0.54,0,0
,,-0.000428,2.2,-0.52,0.004,0.004
,,-0.000426,2.202,-0.54,0,0
,,-0.000424,2.204,-0.54,0.004,0.004
,,-0.000422,2.206,-0.56,0,0
,,-0.00042,2.208,-0.54,0.004,0.004
,,-0.000418,2.21,-0.56,0,0
,,-0.000416,2.212,-0.56,0.004,0.004
,,-0.000414,2.214,-0.54,0,0
,,-0.000412,2.216,-0.54,0,0
,,-0.00041,2.218,-0.54,0,0
,,-0.000408,2.22,-0.5,0.004,0.004
,,-0.000406,2.222,-0.5,0,0
,,-0.000404,2.224,-0.52,0,0
,,-0.000402,2.226,-0.5,0,0
,,-0.0004,2.228,-0.5,0.004,0.004
,,-0.000398,2.23,-0.48,-0.004,-0.004
,,-0.000396,2.232,-0.48,0,0
,,-0.000394,2.234,-0.46,0,0
,,-0.000392,2.236,-0.44,-0.004,-0.004
,,-0.00039,2.238,-0.42,-0.008,-0.008
,,-0.000388,2.24,-0.42,0,0
,,-0.000386,2.242,-0.4,-0.004,-0.004
,,-0.000384,2.244,-0.4,-0.004,-0.004
,,-0.000382,2.246,-0.36,0,0
,,-0.00038,2.248,-0.36,-0.008,-0.008
,,-0.000378,2.25,-0.34,-0.004,-0.004
,,-0.000376,2.252,-0.3,-0.004,-0.004
,,-0.000374,2.254,-0.28,-0.004,-0.004
,,-0.000372,2.256,-0.28,-0.004,-0.004
,,-0.00037,2.258,-0.26,-0.004,-0.004
,,-0.000368,2.26,-0.22,-0.004,-0.004
,,-0.000366,2.262,-0.18,-0.004,-0.004
,,-0.000364,2.264,-0.18,0,0
,,-0.000362,2.266,-0.16,-0.004,-0.004
,,-0.00036,2.268,-0.12,-0.004,-0.004
,,-0.000358,2.27,-0.1,-0.004,-0.004
,,-0.000356,2.272,-0.08,-0.004,-0.004
,,-0.000354,2.274,-0.04,-0.004,-0.004
,,-0.000352,2.276,-0.04,-0.008,-0.008
,,-0.00035,2.278,0.02,-0.008,-0.008
,,-0.000348,2.28,0.02,-0.008,-0.008
,,-0.000346,2.282,0.04,-0.004,-0.004
,,-0.000344,2.284,0.08,-0.008,-0.008
,,-0.000342,2.286,0.1,-0.004,-0.004
,,-0.00034,2.288,0.12,-0.008,-0.008
,,-0.000338,2.29,0.16,-0.008,-0.008
,,-0.000336,2.292,0.16,-0.008,-0.008
,,-0.000334,2.294,0.2,-0.008,-0.008
,,-0.000332,2.296,0.22,-0.008,-0.008
,,-0.00033,2.298,0.22,-0.008,-0.008
,,-0.000328,2.3,0.24,-0.008,-0.008
,,-0.000326,2.302,0.28,-0.008,-0.008
,,-0.000324,2.304,0.3,-0.008,-0.008
,,-0.000322,2.306,0.32,-0.008,-0.008
,,-0.00032,2.308,0.34,-0.004,-0.004
,,-0.000318,2.31,0.34,0,0
,,-0.000316,2.312,0.38,-0.008,-0.008
,,-0.000314,2.314,0.38,-0.008,-0.008
,,-0.000312,2.316,0.38,-0.008,-0.008
,,-0.00031,2.318,0.42,-0.008,-0.008
,,-0.000308,2.32,0.44,-0.008,-0.008
,,-0.000306,2.322,0.44,-0.008,-0.008
,,-0.000304,2.324,0.46,-0.008,-0.008
,,-0.000302,2.326,0.48,-0.008,-0.008
,,-0.0003,2.328,0.48,-0.008,-0.008
,,-0.000298,2.33,0.48,-0.008,-0.008
,,-0.000296,2.332,0.5,-0.008,-0.008
,,-0.000294,2.334,0.5,-0.008,-0.008
,,-0.000292,2.336,0.5,-0.008,-0.008
,,-0.00029,2.338,0.5,-0.008,-0.008
,,-0.000288,2.34,0.5,-0.008,-0.008
,,-0.000286,2.342,0.5,-0.008,-0.008
,,-0.000284,2.344,0.52,-0.012,-0.012
,,-0.000282,2.346,0.5,-0.008,-0.008
,,-0.00028,2.348,0.48,-0.012,-0.012
,,-0.000278,2.35,0.48,-0.012,-0.012
,,-0.000276,2.352,0.48,-0.012,-0.012
,,-0.000274,2.354,0.48,-0.008,-0.008
,,-0.000272,2.356,0.48,-0.008,-0.008
,,-0.00027,2.358,0.48,-0.008,-0.008
,,-0.000268,2.36,0.46,-0.008,-0.008
,,-0.000266,2.362,0.46,-0.008,-0.008
,,-0.000264,2.364,0.44,-0.008,-0.008
,,-0.000262,2.366,0.42,-0.008,-0.008
,,-0.00026,2.368,0.42,-0.012,-0.012
,,-0.000258,2.37,0.4,-0.012,-0.012
,,-0.000256,2.372,0.36,-0.008,-0.008
,,-0.000254,2.374,0.36,-0.012,-0.012
,,-0.000252,2.376,0.34,-0.016,-0.016
,,-0.00025,2.378,0.32,-0.012,-0.012
,,-0.000248,2.38,0.3,-0.02,-0.02
,,-0.000246,2.382,0.28,-0.012,-0.012
,,-0.000244,2.384,0.28,-0.012,-0.012
,,-0.000242,2.386,0.24,-0.012,-0.012
,,-0.00024,2.388,0.22,-0.016,-0.016
,,-0.000238,2.39,0.2,-0.012,-0.012
,,-0.000236,2.392,0.18,-0.016,-0.016
,,-0.000234,2.394,0.16,-0.02,-0.02
,,-0.000232,2.396,0.14,-0.012,-0.012
,,-0.00023,2.398,0.1,-0.016,-0.016
,,-0.000228,2.4,0.1,-0.016,-0.016
,,-0.000226,2.402,0.06,-0.012,-0.012
,,-0.000224,2.404,0.04,-0.012,-0.012
,,-0.000222,2.406,0.02,-0.012,-0.012
,,-0.00022,2.408,-0.02,-0.016,-0.016
,,-0.000218,2.41,-0.02,-0.016,-0.016
,,-0.000216,2.412,-0.06,-0.016,-0.016
,,-0.000214,2.414,-0.08,-0.016,-0.016
,,-0.000212,2.416,-0.12,-0.016,-0.016
,,-0.00021,2.418,-0.16,-0.02,-0.02
,,-0.000208,2.42,-0.16,-0.016,-0.016
,,-0.000206,2.422,-0.2,-0.02,-0.02
,,-0.000204,2.424,-0.2,-0.016,-0.016
,,-0.000202,2.426,-0.24,-0.016,-0.016
,,-0.0002,2.428,-0.28,-0.016,-0.016
,,-0.000198,2.43,-0.28,-0.016,-0.016
,,-0.000196,2.432,-0.3,-0.02,-0.02
,,-0.000194,2.434,-0.32,-0.016,-0.016
,,-0.000192,2.436,-0.34,-0.016,-0.016
,,-0.00019,2.438,-0.38,-0.02,-0.02
,,-0.000188,2.44,-0.38,-0.024,-0.024
,,-0.000186,2.442,-0.38,-0.02,-0.02
,,-0.000184,2.444,-0.4,-0.024,-0.024
,,-0.000182,2.446,-0.42,-0.02,-0.02
,,-0.00018,2.448,-0.44,-0.02,-0.02
,,-0.000178,2.45,-0.44,-0.024,-0.024
,,-0.000176,2.452,-0.48,-0.024,-0.024
,,-0.000174,2.454,-0.48,-0.02,-0.02
,,-0.000172,2.456,-0.48,-0.024,-0.024
,,-0.00017,2.458,-0.5,-0.02,-0.02
,,-0.000168,2.46,-0.48,-0.02,-0.02
,,-0.000166,2.462,-0.52,-0.02,-0.02
,,-0.000164,2.464,-0.52,-0.02,-0.02
,,-0.000162,2.466,-0.56,-0.016,-0.016
,,-0.00016,2.468,-0.54,-0.02,-0.02
,,-0.000158,2.47,-0.54,-0.02,-0.02
,,-0.000156,2.472,-0.54,-0.024,-0.024
,,-0.000154,2.474,-0.52,-0.02,-0.02
,,-0.000152,2.476,-0.56,-0.024,-0.024
,,-0.00015,2.478,-0.56,-0.024,-0.024
,,-0.000148,2.48,-0.54,-0.02,-0.02
,,-0.000146,2.482,-0.54,-0.024,-0.024
,,-0.000144,2.484,-0.56,-0.024,-0.024
,,-0.000142,2.486,-0.52,-0.024,-0.024
,,-0.00014,2.488,-0.52,-0.024,-0.024
,,-0.000138,2.49,-0.5,-0.024,-0.024
,,-0.000136,2.492,-0.5,-0.024,-0.024
,,-0.000134,2.494,-0.46,-0.024,-0.024
,,-0.000132,2.496,-0.48,-0.024,-0.024
,,-0.00013,2.498,-0.48,-0.024,-0.024
,,-0.000128,2.5,-0.44,-0.028,-0.028
,,-0.000126,2.502,-0.44,-0.028,-0.028
,,-0.000124,2.504,-0.42,-0.024,-0.024
,,-0.000122,2.506,-0.4,-0.024,-0.024
,,-0.00012,2.508,-0.4,-0.024,-0.024
,,-0.000118,2.51,-0.36,-0.024,-0.024
,,-0.000116,2.512,-0.34,-0.028,-0.028
,,-0.000114,2.514,-0.32,-0.024,-0.024
,,-0.000112,2.516,-0.3,-0.028,-0.028
,,-0.00011,2.518,-0.28,-0.028,-0.028
,,-0.000108,2.52,-0.26,-0.024,-0.024
,,-0.000106,2.522,-0.22,-0.028,-0.028
,,-0.000104,2.524,-0.22,-0.024,-0.024
,,-0.000102,2.526,-0.18,-0.028,-0.028
,,-0.0001,2.528,-0.16,-0.024,-0.024
,,-0.000098,2.53,-0.14,-0.028,-0.028
,,-0.000096,2.532,-0.12,-0.028,-0.028
,,-0.000094,2.534,-0.08,-0.032,-0.032
,,-0.000092,2.536,-0.06,-0.028,-0.028
,,-0.00009,2.538,-0.04,-0.028,-0.028
,,-0.000088,2.54,-0.02,-0.028,-0.028
,,-0.000086,2.542,0.02,-0.032,-0.032
,,-0.000084,2.544,0.02,-0.032,-0.032
,,-0.000082,2.546,0.06,-0.028,-0.028
,,-0.00008,2.548,0.06,-0.032,-0.032
,,-0.000078,2.55,0.1,-0.028,-0.028
,,-0.000076,2.552,0.14,-0.032,-0.032
,,-0.000074,2.554,0.16,-0.032,-0.032
,,-0.000072,2.556,0.2,-0.032,-0.032
,,-0.00007,2.558,0.22,-0.032,-0.032
,,-0.000068,2.56,0.22,-0.032,-0.032
,,-0.000066,2.562,0.24,-0.036,-0.036
,,-0.000064,2.564,0.26,-0.032,-0.032
,,-0.000062,2.566,0.3,-0.032,-0.032
,,-0.00006,2.568,0.3,-0.032,-0.032
,,-0.000058,2.57,0.32,-0.032,-0.032
,,-0.000056,2.572,0.36,-0.032,-0.032
,,-0.000054,2.574,0.34,-0.032,-0.032
,,-0.000052,2.576,0.38,-0.028,-0.028
,,-0.00005,2.578,0.38,-0.036,-0.036
,,-0.000048,2.58,0.42,-0.032,-0.032
,,-0.000046,2.582,0.42,-0.032,-0.032
,,-0.000044,2.584,0.44,-0.036,-0.036
,,-0.000042,2.586,0.46,-0.032,-0.032
,,-0.00004,2.588,0.46,-0.036,-0.036
,,-0.000038,2.59,0.46,-0.036,-0.036
,,-0.000036,2.592,0.46,-0.036,-0.036
,,-0.000034,2.594,0.48,-0.036,-0.036
,,-0.000032,2.596,0.5,-0.032,-0.032
,,-0.00003,2.598,0.5,-0.032,-0.032
,,-0.000028,2.6,0.5,-0.036,-0.036
,,-0.000026,2.602,0.5,-0.036,-0.036
,,-0.000024,2.604,0.48,-0.036,-0.036
,,-0.000022,2.606,0.5,-0.036,-0.036
,,-0.00002,2.608,0.5,-0.032,-0.032
,,-0.000018,2.61,0.5,-0.032,-0.032
,,-0.000016,2.612,0.5,-0.036,-0.036
,,-0.000014,2.614,0.5,-0.036,-0.036
,,-0.000012,2.616,0.5,-0.036,-0.036
,,-0.00001,2.618,0.5,-0.036,-0.036
,,-0.000008,2.62,0.48,-0.036,-0.036
,,-0.000006,2.622,0.48,-0.04,-0.04
,,-0.000004,2.624,0.46,-0.04,-0.04
,,-0.000002,2.626,0.44,-0.04,-0.04
,,0,2.628,0.44,-0.04,-0.04
,,0.000002,2.63,0.42,-0.04,-0.04
,,0.000004,2.632,0.38,-0.04,-0.04
,,0.000006,2.634,0.38,-0.04,-0.04
,,0.000008,2.636,0.36,-0.04,-0.04
,,0.00001,2.638,0.36,-0.04,-0.04
,,0.000012,2.64,0.34,-0.04,-0.04
,,0.000014,2.642,0.3,-0.044,-0.044
,,0.000016,2.644,0.3,-0.04,-0.04
,,0.000018,2.646,0.3,-0.04,-0.04
,,0.00002,2.648,0.28,-0.04,-0.04
,,0.000022,2.65,0.24,-0.04,-0.04
,,0.000024,2.652,0.22,-0.04,-0.04
,,0.000026,2.654,0.18,-0.04,-0.04
,,0.000028,2.656,0.16,-0.04,-0.04
,,0.00003,2.658,0.14,-0.044,-0.044
,,0.000032,2.66,0.1,-0.04,-0.04
,,0.000034,2.662,0.1,-0.04,-0.04
,,0.000036,2.664,0.06,-0.044,-0.044
,,0.000038,2.666,0.04,-0.04,-0.04
,,0.00004,2.668,0.02,-0.044,-0.044
,,0.000042,2.67,0.02,-0.044,-0.044
,,0.000044,2.672,-0.02,-0.044,-0.044
,,0.000046,2.674,-0.06,-0.04,-0.04
,,0.000048,2.676,-0.08,-0.044,-0.044
,,0.00005,2.678,-0.1,-0.044,-0.044
,,0.000052,2.68,-0.12,-0.04,-0.04
,,0.000054,2.682,-0.14,-0.044,-0.044
,,0.000056,2.684,-0.18,-0.044,-0.044
,,0.000058,2.686,-0.18,-0.044,-0.044
,,0.00006,2.688,-0.22,-0.044,-0.044
,,0.000062,2.69,-0.24,-0.044,-0.044
,,0.000064,2.692,-0.28,-0.044,-0.044
,,0.000066,2.694,-0.3,-0.048,-0.048
,,0.000068,2.696,-0.3,-0.044,-0.044
,,0.00007,2.698,-0.32,-0.048,-0.048
,,0.000072,2.7,-0.34,-0.048,-0.048
,,0.000074,2.702,-0.36,-0.048,-0.048
,,0.000076,2.704,-0.38,-0.048,-0.048
,,0.000078,2.706,-0.4,-0.044,-0.044
,,0.00008,2.708,-0.42,-0.048,-0.048
,,0.000082,2.71,-0.44,-0.048,-0.048
,,0.000084,2.712,-0.46,-0.052,-0.052
,,0.000086,2.714,-0.48,-0.052,-0.052
,,0.000088,2.716,-0.46,-0.048,-0.048
,,0.00009,2.718,-0.5,-0.048,-0.048
,,0.000092,2.72,-0.5,-0.048,-0.048
,,0.000094,2.722,-0.52,-0.048,-0.048
,,0.000096,2.724,-0.52,-0.052,-0.052
,,0.000098,2.726,-0.54,-0.048,-0.048
,,0.0001,2.728,-0.52,-0.048,-0.048
,,0.000102,2.73,-0.54,-0.052,-0.052
,,0.000104,2.732,-0.54,-0.048,-0.048
,,0.000106,2.734,-0.54,-0.048,-0.048
,,0.000108,2.736,-0.56,-0.052,-0.052
,,0.00011,2.738,-0.54,-0.052,-0.052
,,0.000112,2.74,-0.56,-0.052,-0.052
,,0.000114,2.742,-0.54,-0.052,-0.052
,,0.000116,2.744,-0.54,-0.052,-0.052
,,0.000118,2.746,-0.54,-0.052,-0.052
,,0.00012,2.748,-0.5,-0.052,-0.052
,,0.000122,2.75,-0.52,-0.052,-0.052
,,0.000124,2.752,-0.52,-0.052,-0.052
,,0.000126,2.754,-0.5,-0.052,-0.052
,,0.000128,2.756,-0.48,-0.052,-0.052
,,0.00013,2.758,-0.48,-0.052,-0.052
,,0.000132,2.76,-0.46,-0.056,-0.056
,,0.000134,2.762,-0.44,-0.052,-0.052
,,0.000136,2.764,-0.44,-0.052,-0.052
,,0.000138,2.766,-0.42,-0.056,-0.056
,,0.00014,2.768,-0.4,-0.056,-0.056
,,0.000142,2.77,-0.4,-0.052,-0.052
,,0.000144,2.772,-0.36,-0.052,-0.052
,,0.000146,2.774,-0.34,-0.056,-0.056
,,0.000148,2.776,-0.34,-0.056,-0.056
,,0.00015,2.778,-0.3,-0.056,-0.056
,,0.000152,2.78,-0.28,-0.056,-0.056
,,0.000154,2.782,-0.28,-0.056,-0.056
,,0.000156,2.784,-0.24,-0.06,-0.06
,,0.000158,2.786,-0.22,-0.056,-0.056
,,0.00016,2.788,-0.22,-0.06,-0.06
,,0.000162,2.79,-0.18,-0.056,-0.056
,,0.000164,2.792,-0.16,-0.06,-0.06
,,0.000166,2.794,-0.14,-0.056,-0.056
,,0.000168,2.796,-0.08,-0.056,-0.056
,,0.00017,2.798,-0.08,-0.052,-0.052
,,0.000172,2.8,-0.04,-0.056,-0.056
,,0.000174,2.802,-0.02,-0.056,-0.056
,,0.000176,2.804,0,-0.056,-0.056
,,0.000178,2.806,0.02,-0.056,-0.056
,,0.00018,2.808,0.04,-0.056,-0.056
,,0.000182,2.81,0.06,-0.056,-0.056
,,0.000184,2.812,0.08,-0.056,-0.056
,,0.000186,2.814,0.12,-0.056,-0.056
,,0.000188,2.816,0.16,-0.056,-0.056
,,0.00019,2.818,0.18,-0.056,-0.056
,,0.000192,2.82,0.18,-0.056,-0.056
,,0.000194,2.822,0.22,-0.056,-0.056
,,0.000196,2.824,0.24,-0.06,-0.06
,,0.000198,2.826,0.26,-0.06,-0.06
,,0.0002,2.828,0.28,-0.056,-0.056
,,0.000202,2.83,0.28,-0.056,-0.056
,,0.000204,2.832,0.32,-0.06,-0.06
,,0.000206,2.834,0.34,-0.056,-0.056
,,0.000208,2.836,0.36,-0.06,-0.06
,,0.00021,2.838,0.38,-0.06,-0.06
,,0.000212,2.84,0.38,-0.06,-0.06
,,0.000214,2.842,0.38,-0.056,-0.056
,,0.000216,2.844,0.44,-0.056,-0.056
,,0.000218,2.846,0.42,-0.056,-0.056
,,0.00022,2.848,0.46,-0.056,-0.056
,,0.000222,2.85,0.46,-0.052,-0.052
,,0.000224,2.852,0.46,-0.056,-0.056
,,0.000226,2.854,0.48,-0.06,-0.06
,,0.000228,2.856,0.48,-0.06,-0.06
,,0.00023,2.858,0.48,-0.056,-0.056
,,0.000232,2.86,0.48,-0.06,-0.06
,,0.000234,2.862,0.5,-0.056,-0.056
,,0.000236,2.864,0.48,-0.056,-0.056
,,0.000238,2.866,0.5,-0.06,-0.06
,,0.00024,2.868,0.52,-0.056,-0.056
,,0.000242,2.87,0.5,-0.052,-0.052
,,0.000244,2.872,0.5,-0.052,-0.052
,,0.000246,2.874,0.5,-0.06,-0.06
,,0.000248,2.876,0.5,-0.052,-0.052
,,0.00025,2.878,0.5,-0.056,-0.056
,,0.000252,2.88,0.5,-0.056,-0.056
,,0.000254,2.882,0.48,-0.056,-0.056
,,0.000256,2.884,0.48,-0.056,-0.056
,,0.000258,2.886,0.46,-0.052,-0.052
,,0.00026,2.888,0.46,-0.056,-0.056
,,0.000262,2.89,0.44,-0.056,-0.056
,,0.000264,2.892,0.42,-0.056,-0.056
,,0.000266,2.894,0.4,-0.056,-0.056
,,0.000268,2.896,0.4,-0.052,-0.052
,,0.00027,2.898,0.38,-0.056,-0.056
,,0.000272,2.9,0.38,-0.056,-0.056
,,0.000274,2.902,0.36,-0.06,-0.06
,,0.000276,2.904,0.34,-0.056,-0.056
,,0.000278,2.906,0.3,-0.052,-0.052
,,0.00028,2.908,0.3,-0.056,-0.056
,,0.000282,2.91,0.28,-0.056,-0.056
,,0.000284,2.912,0.24,-0.052,-0.052
,,0.000286,2.914,0.22,-0.052,-0.052
,,0.000288,2.916,0.2,-0.052,-0.052
,,0.00029,2.918,0.18,-0.056,-0.056
,,0.000292,2.92,0.18,-0.052,-0.052
,,0.000294,2.922,0.12,-0.052,-0.052
,,0.000296,2.924,0.12,-0.052,-0.052
,,0.000298,2.926,0.1,-0.048,-0.048
,,0.0003,2.928,0.06,-0.052,-0.052
,,0.000302,2.93,0.06,-0.052,-0.052
,,0.000304,2.932,0,-0.052,-0.052
,,0.000306,2.934,-0.02,-0.056,-0.056
,,0.000308,2.936,-0.04,-0.052,-0.052
,,0.00031,2.938,-0.06,-0.052,-0.052
,,0.000312,2.94,-0.08,-0.052,-0.052
,,0.000314,2.942,-0.1,-0.048,-0.048
,,0.000316,2.944,-0.14,-0.056,-0.056
,,0.000318,2.946,-0.16,-0.052,-0.052
,,0.00032,2.948,-0.18,-0.052,-0.052
,,0.000322,2.95,-0.2,-0.052,-0.052
,,0.000324,2.952,-0.24,-0.048,-0.048
,,0.000326,2.954,-0.26,-0.052,-0.052
,,0.000328,2.956,-0.28,-0.048,-0.048
,,0.00033,2.958,-0.3,-0.048,-0.048
,,0.000332,2.96,-0.32,-0.048,-0.048
,,0.000334,2.962,-0.34,-0.048,-0.048
,,0.000336,2.964,-0.36,-0.048,-0.048
,,0.000338,2.966,-0.38,-0.048,-0.048
,,0.00034,2.968,-0.4,-0.052,-0.052
,,0.000342,2.97,-0.42,-0.048,-0.048
,,0.000344,2.972,-0.42,-0.048,-0.048
,,0.000346,2.974,-0.42,-0.048,-0.048
,,0.000348,2.976,-0.46,-0.048,-0.048
,,0.00035,2.978,-0.48,-0.044,-0.044
,,0.000352,2.98,-0.48,-0.048,-0.048
,,0.000354,2.982,-0.5,-0.044,-0.044
,,0.000356,2.984,-0.52,-0.048,-0.048
,,0.000358,2.986,-0.52,-0.048,-0.048
,,0.00036,2.988,-0.5,-0.044,-0.044
,,0.000362,2.99,-0.54,-0.044,-0.044
,,0.000364,2.992,-0.54,-0.044,-0.044
,,0.000366,2.994,-0.54,-0.044,-0.044
,,0.000368,2.996,-0.54,-0.044,-0.044
,,0.00037,2.998,-0.52,-0.044,-0.044
,,0.000372,3,-0.56,-0.044,-0.044
,,0.000374,3.002,-0.52,-0.044,-0.044
,,0.000376,3.004,-0.56,-0.044,-0.044
,,0.000378,3.006,-0.52,-0.044,-0.044
,,0.00038,3.008,-0.56,-0.048,-0.048
,,0.000382,3.01,-0.52,-0.044,-0.044
,,0.000384,3.012,-0.52,-0.044,-0.044
,,0.000386,3.014,-0.5,-0.044,-0.044
,,0.000388,3.016,-0.5,-0.036,-0.036
,,0.00039,3.018,-0.48,-0.044,-0.044
,,0.000392,3.02,-0.48,-0.044,-0.044
,,0.000394,3.022,-0.48,-0.044,-0.044
,,0.000396,3.024,-0.46,-0.044,-0.044
,,0.000398,3.026,-0.46,-0.04,-0.04
,,0.0004,3.028,-0.44,-0.044,-0.044
,,0.000402,3.03,-0.42,-0.04,-0.04
,,0.000404,3.032,-0.42,-0.04,-0.04
,,0.000406,3.034,-0.36,-0.044,-0.044
,,0.000408,3.036,-0.38,-0.044,-0.044
,,0.00041,3.038,-0.36,-0.044,-0.044
,,0.000412,3.04,-0.34,-0.04,-0.04
,,0.000414,3.042,-0.3,-0.04,-0.04
,,0.000416,3.044,-0.28,-0.04,-0.04
,,0.000418,3.046,-0.24,-0.04,-0.04
,,0.00042,3.048,-0.24,-0.04,-0.04
,,0.000422,3.05,-0.22,-0.04,-0.04
,,0.000424,3.052,-0.2,-0.04,-0.04
,,0.000426,3.054,-0.16,-0.044,-0.044
,,0.000428,3.056,-0.16,-0.04,-0.04
,,0.00043,3.058,-0.14,-0.04,-0.04
,,0.000432,3.06,-0.1,-0.04,-0.04
,,0.000434,3.062,-0.06,-0.04,-0.04
,,0.000436,3.064,-0.06,-0.04,-0.04
,,0.000438,3.066,-0.02,-0.036,-0.036
,,0.00044,3.068,0.02,-0.04,-0.04
,,0.000442,3.07,0.02,-0.04,-0.04
,,0.000444,3.072,0.06,-0.04,-0.04
,,0.000446,3.074,0.06,-0.04,-0.04
,,0.000448,3.076,0.1,-0.036,-0.036
,,0.00045,3.078,0.12,-0.036,-0.036
,,0.000452,3.08,0.14,-0.032,-0.032
,,0.000454,3.082,0.16,-0.036,-0.036
,,0.000456,3.084,0.2,-0.04,-0.04
,,0.000458,3.086,0.22,-0.036,-0.036
,,0.00046,3.088,0.24,-0.036,-0.036
,,0.000462,3.09,0.28,-0.036,-0.036
,,0.000464,3.092,0.28,-0.036,-0.036
,,0.000466,3.094,0.3,-0.036,-0.036
,,0.000468,3.096,0.34,-0.032,-0.032
,,0.00047,3.098,0.34,-0.032,-0.032
,,0.000472,3.1,0.36,-0.032,-0.032
,,0.000474,3.102,0.38,-0.032,-0.032
,,0.000476,3.104,0.38,-0.032,-0.032
,,0.000478,3.106,0.38,-0.032,-0.032
,,0.00048,3.108,0.42,-0.036,-0.036
,,0.000482,3.11,0.44,-0.032,-0.032
,,0.000484,3.112,0.46,-0.032,-0.032
,,0.000486,3.114,0.46,-0.032,-0.032
,,0.000488,3.116,0.5,-0.032,-0.032
,,0.00049,3.118,0.5,-0.032,-0.032
,,0.000492,3.12,0.48,-0.032,-0.032
,,0.000494,3.122,0.5,-0.032,-0.032
,,0.000496,3.124,0.5,-0.032,-0.032
,,0.000498,3.126,0.52,-0.028,-0.028
,,0.0005,3.128,0.5,-0.028,-0.028
,,0.000502,3.13,0.5,-0.028,-0.028
,,0.000504,3.132,0.5,-0.028,-0.028
,,0.000506,3.134,0.5,-0.028,-0.028
,,0.000508,3.136,0.5,-0.032,-0.032
,,0.00051,3.138,0.5,-0.028,-0.028
,,0.000512,3.14,0.5,-0.032,-0.032
,,0.000514,3.142,0.48,-0.028,-0.028
,,0.000516,3.144,0.5,-0.028,-0.028
,,0.000518,3.146,0.5,-0.028,-0.028
,,0.00052,3.148,0.48,-0.024,-0.024
,,0.000522,3.15,0.48,-0.024,-0.024
,,0.000524,3.152,0.44,-0.028,-0.028
,,0.000526,3.154,0.44,-0.024,-0.024
,,0.000528,3.156,0.42,-0.028,-0.028
,,0.00053,3.158,0.4,-0.028,-0.028
,,0.000532,3.16,0.4,-0.028,-0.028
,,0.000534,3.162,0.38,-0.024,-0.024
,,0.000536,3.164,0.36,-0.028,-0.028
,,0.000538,3.166,0.34,-0.028,-0.028
,,0.00054,3.168,0.32,-0.028,-0.028
,,0.000542,3.17,0.32,-0.024,-0.024
,,0.000544,3.172,0.28,-0.024,-0.024
,,0.000546,3.174,0.24,-0.028,-0.028
,,0.000548,3.176,0.24,-0.024,-0.024
,,0.00055,3.178,0.22,-0.024,-0.024
,,0.000552,3.18,0.22,-0.024,-0.024
,,0.000554,3.182,0.18,-0.024,-0.024
,,0.000556,3.184,0.14,-0.024,-0.024
,,0.000558,3.186,0.14,-0.028,-0.028
,,0.00056,3.188,0.08,-0.024,-0.024
,,0.000562,3.19,0.08,-0.02,-0.02
,,0.000564,3.192,0.06,-0.024,-0.024
,,0.000566,3.194,0.02,-0.024,-0.024
,,0.000568,3.196,0,-0.024,-0.024
,,0.00057,3.198,-0.02,-0.024,-0.024
,,0.000572,3.2,-0.02,-0.024,-0.024
,,0.000574,3.202,-0.08,-0.024,-0.024
,,0.000576,3.204,-0.08,-0.02,-0.02
,,0.000578,3.206,-0.1,-0.024,-0.024
,,0.00058,3.208,-0.14,-0.02,-0.02
,,0.000582,3.21,-0.16,-0.028,-0.028
,,0.000584,3.212,-0.18,-0.024,-0.024
,,0.000586,3.214,-0.22,-0.02,-0.02
,,0.000588,3.216,-0.24,-0.024,-0.024
,,0.00059,3.218,-0.26,-0.02,-0.02
,,0.000592,3.22,-0.3,-0.024,-0.024
,,0.000594,3.222,-0.32,-0.024,-0.024
,,0.000596,3.224,-0.34,-0.02,-0.02
,,0.000598,3.226,-0.34,-0.02,-0.02
,,0.0006,3.228,-0.36,-0.016,-0.016
,,0.000602,3.23,-0.38,-0.02,-0.02
,,0.000604,3.232,-0.4,-0.02,-0.02
,,0.000606,3.234,-0.42,-0.02,-0.02
,,0.000608,3.236,-0.44,-0.02,-0.02
,,0.00061,3.238,-0.46,-0.02,-0.02
,,0.000612,3.24,-0.46,-0.02,-0.02
,,0.000614,3.242,-0.48,-0.02,-0.02
,,0.000616,3.244,-0.5,-0.02,-0.02
,,0.000618,3.246,-0.5,-0.016,-0.016
,,0.00062,3.248,-0.52,-0.016,-0.016
,,0.000622,3.25,-0.5,-0.016,-0.016
,,0.000624,3.252,-0.54,-0.016,-0.016
,,0.000626,3.254,-0.56,-0.02,-0.02
,,0.000628,3.256,-0.54,-0.02,-0.02
,,0.00063,3.258,-0.56,-0.016,-0.016
,,0.000632,3.26,-0.56,-0.02,-0.02
,,0.000634,3.262,-0.54,-0.016,-0.016
,,0.000636,3.264,-0.54,-0.016,-0.016
,,0.000638,3.266,-0.54,-0.02,-0.02
,,0.00064,3.268,-0.54,-0.016,-0.016
,,0.000642,3.27,-0.54,-0.02,-0.02
,,0.000644,3.272,-0.54,-0.02,-0.02
,,0.000646,3.274,-0.52,-0.016,-0.016
,,0.000648,3.276,-0.54,-0.016,-0.016
,,0.00065,3.278,-0.5,-0.012,-0.012
,,0.000652,3.28,-0.5,-0.012,-0.012
,,0.000654,3.282,-0.48,-0.016,-0.016
,,0.000656,3.284,-0.48,-0.016,-0.016
,,0.000658,3.286,-0.46,-0.016,-0.016
,,0.00066,3.288,-0.46,-0.012,-0.012
,,0.000662,3.29,-0.44,-0.012,-0.012
,,0.000664,3.292,-0.42,-0.016,-0.016
,,0.000666,3.294,-0.4,-0.012,-0.012
,,0.000668,3.296,-0.38,-0.012,-0.012
,,0.00067,3.298,-0.38,-0.016,-0.016
,,0.000672,3.3,-0.36,-0.012,-0.012
,,0.000674,3.302,-0.34,-0.012,-0.012
,,0.000676,3.304,-0.32,-0.012,-0.012
,,0.000678,3.306,-0.3,-0.012,-0.012
,,0.00068,3.308,-0.28,-0.012,-0.012
,,0.000682,3.31,-0.24,-0.012,-0.012
,,0.000684,3.312,-0.22,-0.008,-0.008
,,0.000686,3.314,-0.22,-0.012,-0.012
,,0.000688,3.316,-0.18,-0.012,-0.012
,,0.00069,3.318,-0.14,-0.012,-0.012
,,0.000692,3.32,-0.14,-0.012,-0.012
,,0.000694,3.322,-0.1,-0.012,-0.012
,,0.000696,3.324,-0.1,-0.008,-0.008
,,0.000698,3.326,-0.04,-0.008,-0.008
,,0.0007,3.328,-0.02,-0.012,-0.012
,,0.000702,3.33,0,-0.008,-0.008
,,0.000704,3.332,0.02,-0.012,-0.012
,,0.000706,3.334,0.06,-0.012,-0.012
,,0.000708,3.336,0.06,-0.008,-0.008
,,0.00071,3.338,0.1,-0.012,-0.012
,,0.000712,3.34,0.1,-0.012,-0.012
,,0.000714,3.342,0.14,-0.012,-0.012
,,0.000716,3.344,0.16,-0.008,-0.008
,,0.000718,3.346,0.18,-0.012,-0.012
,,0.00072,3.348,0.2,-0.012,-0.012
,,0.000722,3.35,0.24,-0.008,-0.008
,,0.000724,3.352,0.26,-0.008,-0.008
,,0.000726,3.354,0.26,-0.008,-0.008
,,0.000728,3.356,0.3,-0.008,-0.008
,,0.00073,3.358,0.3,-0.008,-0.008
,,0.000732,3.36,0.32,-0.008,-0.008
,,0.000734,3.362,0.36,-0.008,-0.008
,,0.000736,3.364,0.36,-0.008,-0.008
,,0.000738,3.366,0.4,-0.008,-0.008
,,0.00074,3.368,0.42,-0.008,-0.008
,,0.000742,3.37,0.42,-0.008,-0.008
,,0.000744,3.372,0.44,-0.004,-0.004
,,0.000746,3.374,0.42,-0.008,-0.008
,,0.000748,3.376,0.46,-0.008,-0.008
,,0.00075,3.378,0.44,-0.004,-0.004
,,0.000752,3.38,0.48,-0.004,-0.004
,,0.000754,3.382,0.48,-0.008,-0.008
,,0.000756,3.384,0.5,-0.008,-0.008
,,0.000758,3.386,0.48,-0.008,-0.008
,,0.00076,3.388,0.48,-0.008,-0.008
,,0.000762,3.39,0.5,-0.008,-0.008
,,0.000764,3.392,0.5,-0.008,-0.008
,,0.000766,3.394,0.52,-0.004,-0.004
,,0.000768,3.396,0.5,-0.004,-0.004
,,0.00077,3.398,0.48,-0.008,-0.008
,,0.000772,3.4,0.5,-0.008,-0.008
,,0.000774,3.402,0.48,0,0
,,0.000776,3.404,0.48,-0.004,-0.004
,,0.000778,3.406,0.48,0,0
,,0.00078,3.408,0.48,-0.004,-0.004
,,0.000782,3.41,0.48,-0.004,-0.004
,,0.000784,3.412,0.46,0,0
,,0.000786,3.414,0.44,-0.004,-0.004
,,0.000788,3.416,0.44,-0.004,-0.004
,,0.00079,3.418,0.44,-0.004,-0.004
,,0.000792,3.42,0.42,-0.004,-0.004
,,0.000794,3.422,0.42,-0.004,-0.004
,,0.000796,3.424,0.4,-0.004,-0.004
,,0.000798,3.426,0.36,0,0
,,0.0008,3.428,0.36,-0.004,-0.004
,,0.000802,3.43,0.32,-0.004,-0.004
,,0.000804,3.432,0.3,-0.004,-0.004
,,0.000806,3.434,0.28,-0.004,-0.004
,,0.000808,3.436,0.26,-0.004,-0.004
,,0.00081,3.438,0.26,0,0
,,0.000812,3.44,0.24,0,0
,,0.000814,3.442,0.22,0,0
,,0.000816,3.444,0.2,0,0
,,0.000818,3.446,0.18,-0.004,-0.004
,,0.00082,3.448,0.16,0.004,0.004
,,0.000822,3.45,0.12,0,0
,,0.000824,3.452,0.08,0.004,0.004
,,0.000826,3.454,0.08,0,0
,,0.000828,3.456,0.04,0,0
,,0.00083,3.458,0.02,0.004,0.004
,,0.000832,3.46,0.02,-0.004,-0.004
,,0.000834,3.462,-0.02,0.004,0.004
,,0.000836,3.464,-0.02,0.004,0.004
,,0.000838,3.466,-0.08,0,0
,,0.00084,3.468,-0.1,0,0
,,0.000842,3.47,-0.12,0.004,0.004
,,0.000844,3.472,-0.16,0.004,0.004
,,0.000846,3.474,-0.16,0.004,0.004
,,0.000848,3.476,-0.2,0,0
,,0.00085,3.478,-0.22,0.004,0.004
,,0.000852,3.48,-0.24,0,0
,,0.000854,3.482,-0.28,0.004,0.004
,,0.000856,3.484,-0.28,0.004,0.004
,,0.000858,3.486,-0.32,0,0
,,0.00086,3.488,-0.34,0.004,0.004
,,0.000862,3.49,-0.36,0.004,0.004
,,0.000864,3.492,-0.36,0.004,0.004
,,0.000866,3.494,-0.4,0.004,0.004
,,0.000868,3.496,-0.42,0.004,0.004
,,0.00087,3.498,-0.42,0.004,0.004
,,0.000872,3.5,-0.42,0.004,0.004
,,0.000874,3.502,-0.46,0.004,0.004
,,0.000876,3.504,-0.48,0.004,0.004
,,0.000878,3.506,-0.46,0.004,0.004
,,0.00088,3.508,-0.48,0.004,0.004
,,0.000882,3.51,-0.5,0.004,0.004
,,0.000884,3.512,-0.5,0.004,0.004
,,0.000886,3.514,-0.5,0.004,0.004
,,0.000888,3.516,-0.52,0.004,0.004
,,0.00089,3.518,-0.52,0.008,0.008
,,0.000892,3.52,-0.56,0.004,0.004
,,0.000894,3.522,-0.54,0.004,0.004
,,0.000896,3.524,-0.54,0.004,0.004
,,0.000898,3.526,-0.52,0.008,0.008
,,0.0009,3.528,-0.54,0.004,0.004
,,0.000902,3.53,-0.56,0.008,0.008
,,0.000904,3.532,-0.56,0.004,0.004
,,0.000906,3.534,-0.56,0.008,0.008
,,0.000908,3.536,-0.54,0.004,0.004
,,0.00091,3.538,-0.54,0.004,0.004
,,0.000912,3.54,-0.54,0.004,0.004
,,0.000914,3.542,-0.52,0.008,0.008
,,0.000916,3.544,-0.5,0.008,0.008
,,0.000918,3.546,-0.5,0.008,0.008
,,0.00092,3.548,-0.48,0.004,0.004
,,0.000922,3.55,-0.46,0.012,0.012
,,0.000924,3.552,-0.44,0.004,0.004
,,0.000926,3.554,-0.44,0.004,0.004
,,0.000928,3.556,-0.42,0.008,0.008
,,0.00093,3.558,-0.4,0.008,0.008
,,0.000932,3.56,-0.38,0.008,0.008
,,0.000934,3.562,-0.36,0.008,0.008
,,0.000936,3.564,-0.34,0.008,0.008
,,0.000938,3.566,-0.32,0.012,0.012
,,0.00094,3.568,-0.32,0.012,0.012
,,0.000942,3.57,-0.3,0.008,0.008
,,0.000944,3.572,-0.28,0.008,0.008
,,0.000946,3.574,-0.24,0.008,0.008
,,0.000948,3.576,-0.22,0.008,0.008
,,0.00095,3.578,-0.2,0.004,0.004
,,0.000952,3.58,-0.16,0.008,0.008
,,0.000954,3.582,-0.16,0.008,0.008
,,0.000956,3.584,-0.12,0.008,0.008
,,0.000958,3.586,-0.1,0.008,0.008
,,0.00096,3.588,-0.08,0.008,0.008
,,0.000962,3.59,-0.04,0.008,0.008
,,0.000964,3.592,-0.02,0.008,0.008
,,0.000966,3.594,0,0.012,0.012
,,0.000968,3.596,0.02,0.012,0.012
,,0.00097,3.598,0.06,0.008,0.008
,,0.000972,3.6,0.06,0.012,0.012
,,0.000974,3.602,0.12,0.008,0.008
,,0.000976,3.604,0.12,0.012,0.012
,,0.000978,3.606,0.14,0.008,0.008
,,0.00098,3.608,0.18,0.012,0.012
,,0.000982,3.61,0.2,0.008,0.008
,,0.000984,3.612,0.22,0.012,0.012
,,0.000986,3.614,0.24,0.012,0.012
,,0.000988,3.616,0.24,0.008,0.008
,,0.00099,3.618,0.28,0.012,0.012
,,0.000992,3.62,0.32,0.012,0.012
,,0.000994,3.622,0.32,0.016,0.016
,,0.000996,3.624,0.34,0.012,0.012
,,0.000998,3.626,0.38,0.012,0.012
,,0.001,3.628,0.38,0.012,0.012
,,0.001002,3.63,0.38,0.012,0.012
,,0.001004,3.632,0.4,0.012,0.012
,,0.001006,3.634,0.44,0.016,0.016
,,0.001008,3.636,0.44,0.012,0.012
,,0.00101,3.638,0.46,0.016,0.016
,,0.001012,3.64,0.46,0.016,0.016
,,0.001014,3.642,0.46,0.016,0.016
,,0.001016,3.644,0.46,0.012,0.012
,,0.001018,3.646,0.48,0.016,0.016
,,0.00102,3.648,0.5,0.016,0.016
,,0.001022,3.65,0.5,0.016,0.016
,,0.001024,3.652,0.5,0.012,0.012
,,0.001026,3.654,0.5,0.012,0.012
,,0.001028,3.656,0.5,0.02,0.02
,,0.00103,3.658,0.5,0.016,0.016
,,0.001032,3.66,0.5,0.016,0.016
,,0.001034,3.662,0.5,0.016,0.016
,,0.001036,3.664,0.5,0.016,0.016
,,0.001038,3.666,0.5,0.016,0.016
,,0.00104,3.668,0.48,0.016,0.016
,,0.001042,3.67,0.5,0.02,0.02
,,0.001044,3.672,0.48,0.012,0.012
,,0.001046,3.674,0.46,0.012,0.012
,,0.001048,3.676,0.46,0.016,0.016
,,0.00105,3.678,0.44,0.016,0.016
,,0.001052,3.68,0.44,0.016,0.016
,,0.001054,3.682,0.44,0.02,0.02
,,0.001056,3.684,0.4,0.016,0.016
,,0.001058,3.686,0.38,0.02,0.02
,,0.00106,3.688,0.38,0.02,0.02
,,0.001062,3.69,0.38,0.016,0.016
,,0.001064,3.692,0.34,0.016,0.016
,,0.001066,3.694,0.32,0.016,0.016
,,0.001068,3.696,0.3,0.02,0.02
,,0.00107,3.698,0.28,0.02,0.02
,,0.001072,3.7,0.26,0.016,0.016
,,0.001074,3.702,0.24,0.02,0.02
,,0.001076,3.704,0.22,0.016,0.016
,,0.001078,3.706,0.2,0.02,0.02
,,0.00108,3.708,0.18,0.02,0.02
,,0.001082,3.71,0.14,0.016,0.016
,,0.001084,3.712,0.14,0.02,0.02
,,0.001086,3.714,0.12,0.02,0.02
,,0.001088,3.716,0.08,0.02,0.02
,,0.00109,3.718,0.06,0.02,0.02
,,0.001092,3.72,0.04,0.016,0.016
,,0.001094,3.722,0.02,0.02,0.02
,,0.001096,3.724,-0.02,0.016,0.016
,,0.001098,3.726,-0.04,0.02,0.02
,,0.0011,3.728,-0.06,0.02,0.02
,,0.001102,3.73,-0.08,0.02,0.02
,,0.001104,3.732,-0.12,0.02,0.02
,,0.001106,3.734,-0.16,0.02,0.02
,,0.001108,3.736,-0.16,0.02,0.02
,,0.00111,3.738,-0.2,0.02,0.02
,,0.001112,3.74,-0.22,0.02,0.02
,,0.001114,3.742,-0.24,0.024,0.024
,,0.001116,3.744,-0.26,0.02,0.02
,,0.001118,3.746,-0.28,0.02,0.02
,,0.00112,3.748,-0.28,0.02,0.02
,,0.001122,3.75,-0.34,0.02,0.02
,,0.001124,3.752,-0.34,0.02,0.02
,,0.001126,3.754,-0.36,0.02,0.02
,,0.001128,3.756,-0.38,0.016,0.016
,,0.00113,3.758,-0.4,0.02,0.02
,,0.001132,3.76,-0.4,0.02,0.02
,,0.001134,3.762,-0.42,0.02,0.02
,,0.001136,3.764,-0.44,0.024,0.024
,,0.001138,3.766,-0.48,0.02,0.02
,,0.00114,3.768,-0.48,0.02,0.02
,,0.001142,3.77,-0.48,0.02,0.02
,,0.001144,3.772,-0.5,0.02,0.02
,,0.001146,3.774,-0.5,0.02,0.02
,,0.001148,3.776,-0.5,0.02,0.02
,,0.00115,3.778,-0.54,0.02,0.02
,,0.001152,3.78,-0.54,0.02,0.02
,,0.001154,3.782,-0.54,0.02,0.02
,,0.001156,3.784,-0.56,0.02,0.02
,,0.001158,3.786,-0.52,0.02,0.02
,,0.00116,3.788,-0.54,0.02,0.02
,,0.001162,3.79,-0.54,0.024,0.024
,,0.001164,3.792,-0.54,0.02,0.02
,,0.001166,3.794,-0.56,0.02,0.02
,,0.001168,3.796,-0.54,0.02,0.02
,,0.00117,3.798,-0.54,0.02,0.02
,,0.001172,3.8,-0.54,0.02,0.02
,,0.001174,3.802,-0.54,0.02,0.02
,,0.001176,3.804,-0.52,0.02,0.02
,,0.001178,3.806,-0.5,0.024,0.024
,,0.00118,3.808,-0.5,0.02,0.02
,,0.001182,3.81,-0.48,0.02,0.02
,,0.001184,3.812,-0.48,0.02,0.02
,,0.001186,3.814,-0.46,0.02,0.02
,,0.001188,3.816,-0.44,0.02,0.02
,,0.00119,3.818,-0.42,0.02,0.02
,,0.001192,3.82,-0.42,0.02,0.02
,,0.001194,3.822,-0.4,0.024,0.024
,,0.001196,3.824,-0.38,0.028,0.028
,,0.001198,3.826,-0.36,0.024,0.024
,,0.0012,3.828,-0.34,0.024,0.024
,,0.001202,3.83,-0.34,0.024,0.024
,,0.001204,3.832,-0.3,0.02,0.02
,,0.001206,3.834,-0.28,0.02,0.02
,,0.001208,3.836,-0.26,0.02,0.02
,,0.00121,3.838,-0.24,0.024,0.024
,,0.001212,3.84,-0.22,0.024,0.024
,,0.001214,3.842,-0.18,0.02,0.02
,,0.001216,3.844,-0.16,0.024,0.024
,,0.001218,3.846,-0.14,0.024,0.024
,,0.00122,3.848,-0.1,0.024,0.024
,,0.001222,3.85,-0.08,0.02,0.02
,,0.001224,3.852,-0.06,0.024,0.024
,,0.001226,3.854,-0.04,0.024,0.024
,,0.001228,3.856,-0.02,0.024,0.024
,,0.00123,3.858,0.02,0.024,0.024
,,0.001232,3.86,0.04,0.028,0.028
,,0.001234,3.862,0.06,0.024,0.024
,,0.001236,3.864,0.1,0.024,0.024
,,0.001238,3.866,0.1,0.024,0.024
,,0.00124,3.868,0.14,0.024,0.024
,,0.001242,3.87,0.14,0.024,0.024
,,0.001244,3.872,0.18,0.024,0.024
,,0.001246,3.874,0.2,0.024,0.024
,,0.001248,3.876,0.22,0.024,0.024
,,0.00125,3.878,0.24,0.024,0.024
,,0.001252,3.88,0.26,0.028,0.028
,,0.001254,3.882,0.28,0.024,0.024
,,0.001256,3.884,0.3,0.02,0.02
,,0.001258,3.886,0.3,0.024,0.024
,,0.00126,3.888,0.34,0.02,0.02
,,0.001262,3.89,0.36,0.024,0.024
,,0.001264,3.892,0.36,0.024,0.024
,,0.001266,3.894,0.4,0.028,0.028
,,0.001268,3.896,0.42,0.024,0.024
,,0.00127,3.898,0.44,0.024,0.024
,,0.001272,3.9,0.44,0.028,0.028
,,0.001274,3.902,0.46,0.024,0.024
,,0.001276,3.904,0.46,0.028,0.028
,,0.001278,3.906,0.46,0.028,0.028
,,0.00128,3.908,0.5,0.028,0.028
,,0.001282,3.91,0.48,0.024,0.024
,,0.001284,3.912,0.5,0.024,0.024
,,0.001286,3.914,0.5,0.028,0.028
,,0.001288,3.916,0.5,0.024,0.024
,,0.00129,3.918,0.52,0.024,0.024
,,0.001292,3.92,0.52,0.024,0.024
,,0.001294,3.922,0.5,0.028,0.028
,,0.001296,3.924,0.54,0.028,0.028
,,0.001298,3.926,0.5,0.024,0.024
,,0.0013,3.928,0.5,0.028,0.028
,,0.001302,3.93,0.5,0.028,0.028
,,0.001304,3.932,0.5,0.024,0.024
,,0.001306,3.934,0.46,0.028,0.028
,,0.001308,3.936,0.46,0.028,0.028
,,0.00131,3.938,0.46,0.024,0.024
,,0.001312,3.94,0.46,0.028,0.028
,,0.001314,3.942,0.44,0.028,0.028
,,0.001316,3.944,0.44,0.028,0.028
,,0.001318,3.946,0.42,0.024,0.024
,,0.00132,3.948,0.38,0.024,0.024
,,0.001322,3.95,0.38,0.024,0.024
,,0.001324,3.952,0.38,0.028,0.028
,,0.001326,3.954,0.36,0.024,0.024
,,0.001328,3.956,0.34,0.028,0.028
,,0.00133,3.958,0.32,0.024,0.024
,,0.001332,3.96,0.28,0.028,0.028
,,0.001334,3.962,0.28,0.024,0.024
,,0.001336,3.964,0.24,0.024,0.024
,,0.001338,3.966,0.24,0.024,0.024
,,0.00134,3.968,0.22,0.028,0.028
,,0.001342,3.97,0.2,0.028,0.028
,,0.001344,3.972,0.14,0.024,0.024
,,0.001346,3.974,0.14,0.028,0.028
,,0.001348,3.976,0.12,0.028,0.028
,,0.00135,3.978,0.1,0.028,0.028
,,0.001352,3.98,0.1,0.032,0.032
,,0.001354,3.982,0.04,0.024,0.024
,,0.001356,3.984,0.02,0.024,0.024
,,0.001358,3.986,0.02,0.024,0.024
,,0.00136,3.988,-0.02,0.028,0.028
,,0.001362,3.99,-0.04,0.024,0.024
,,0.001364,3.992,-0.06,0.028,0.028
,,0.001366,3.994,-0.1,0.028,0.028
,,0.001368,3.996,-0.14,0.028,0.028
,,0.00137,3.998,-0.16,0.028,0.028
,,0.001372,4,-0.18,0.028,0.028
,,0.001374,4.002,-0.22,0.032,0.032
,,0.001376,4.004,-0.22,0.028,0.028
,,0.001378,4.006,-0.24,0.028,0.028
,,0.00138,4.008,-0.26,0.028,0.028
,,0.001382,4.01,-0.3,0.028,0.028
,,0.001384,4.012,-0.32,0.028,0.028
,,0.001386,4.014,-0.34,0.024,0.024
,,0.001388,4.016,-0.36,0.028,0.028
,,0.00139,4.018,-0.36,0.028,0.028
,,0.001392,4.02,-0.4,0.028,0.028
,,0.001394,4.022,-0.4,0.028,0.028
,,0.001396,4.024,-0.42,0.028,0.028
,,0.001398,4.026,-0.42,0.028,0.028
,,0.0014,4.028,-0.46,0.028,0.028
,,0.001402,4.03,-0.46,0.028,0.028
,,0.001404,4.032,-0.48,0.028,0.028
,,0.001406,4.034,-0.48,0.028,0.028
,,0.001408,4.036,-0.5,0.028,0.028
,,0.00141,4.038,-0.5,0.024,0.024
,,0.001412,4.04,-0.52,0.024,0.024
,,0.001414,4.042,-0.52,0.032,0.032
,,0.001416,4.044,-0.54,0.032,0.032
,,0.001418,4.046,-0.52,0.028,0.028
,,0.00142,4.048,-0.54,0.028,0.028
,,0.001422,4.05,-0.54,0.024,0.024
,,0.001424,4.052,-0.54,0.028,0.028
,,0.001426,4.054,-0.54,0.028,0.028
,,0.001428,4.056,-0.56,0.028,0.028
,,0.00143,4.058,-0.54,0.028,0.028
,,0.001432,4.06,-0.54,0.028,0.028
,,0.001434,4.062,-0.56,0.028,0.028
,,0.001436,4.064,-0.52,0.028,0.028
,,0.001438,4.066,-0.54,0.028,0.028
,,0.00144,4.068,-0.5,0.024,0.024
,,0.001442,4.07,-0.52,0.028,0.028
,,0.001444,4.072,-0.5,0.028,0.028
,,0.001446,4.074,-0.48,0.028,0.028
,,0.001448,4.076,-0.48,0.028,0.028
,,0.00145,4.078,-0.46,0.028,0.028
,,0.001452,4.08,-0.44,0.028,0.028
,,0.001454,4.082,-0.42,0.028,0.028
,,0.001456,4.084,-0.4,0.028,0.028
,,0.001458,4.086,-0.4,0.028,0.028
,,0.00146,4.088,-0.4,0.028,0.028
,,0.001462,4.09,-0.34,0.028,0.028
,,0.001464,4.092,-0.34,0.028,0.028
,,0.001466,4.094,-0.3,0.028,0.028
,,0.001468,4.096,-0.28,0.024,0.024
,,0.00147,4.098,-0.26,0.032,0.032
,,0.001472,4.1,-0.24,0.024,0.024
,,0.001474,4.102,-0.22,0.032,0.032
,,0.001476,4.104,-0.22,0.028,0.028
,,0.001478,4.106,-0.2,0.028,0.028
,,0.00148,4.108,-0.16,0.032,0.032
,,0.001482,4.11,-0.14,0.028,0.028
,,0.001484,4.112,-0.1,0.028,0.028
,,0.001486,4.114,-0.08,0.028,0.028
,,0.001488,4.116,-0.04,0.028,0.028
,,0.00149,4.118,-0.02,0.028,0.028
,,0.001492,4.12,0.02,0.028,0.028
,,0.001494,4.122,0.02,0.028,0.028
,,0.001496,4.124,0.04,0.028,0.028
,,0.001498,4.126,0.04,0.028,0.028
,,0.0015,4.128,0.1,0.028,0.028
,,0.001502,4.13,0.14,0.028,0.028
,,0.001504,4.132,0.14,0.028,0.028
,,0.001506,4.134,0.18,0.028,0.028
,,0.001508,4.136,0.18,0.028,0.028
,,0.00151,4.138,0.2,0.032,0.032
,,0.001512,4.14,0.24,0.032,0.032
,,0.001514,4.142,0.24,0.028,0.028
,,0.001516,4.144,0.3,0.028,0.028
,,0.001518,4.146,0.3,0.032,0.032
,,0.00152,4.148,0.34,0.028,0.028
,,0.001522,4.15,0.34,0.032,0.032
,,0.001524,4.152,0.36,0.028,0.028
,,0.001526,4.154,0.38,0.028,0.028
,,0.001528,4.156,0.38,0.028,0.028
,,0.00153,4.158,0.42,0.024,0.024
,,0.001532,4.16,0.42,0.028,0.028
,,0.001534,4.162,0.44,0.028,0.028
,,0.001536,4.164,0.44,0.024,0.024
,,0.001538,4.166,0.46,0.024,0.024
,,0.00154,4.168,0.48,0.028,0.028
,,0.001542,4.17,0.48,0.028,0.028
,,0.001544,4.172,0.46,0.028,0.028
,,0.001546,4.174,0.5,0.028,0.028
,,0.001548,4.176,0.5,0.028,0.028
,,0.00155,4.178,0.5,0.028,0.028
,,0.001552,4.18,0.5,0.028,0.028
,,0.001554,4.182,0.5,0.024,0.024
,,0.001556,4.184,0.54,0.028,0.028
,,0.001558,4.186,0.5,0.028,0.028
,,0.00156,4.188,0.5,0.024,0.024
,,0.001562,4.19,0.52,0.028,0.028
,,0.001564,4.192,0.5,0.028,0.028
,,0.001566,4.194,0.5,0.028,0.028
,,0.001568,4.196,0.48,0.028,0.028
,,0.00157,4.198,0.5,0.028,0.028
,,0.001572,4.2,0.48,0.024,0.024
,,0.001574,4.202,0.46,0.028,0.028
,,0.001576,4.204,0.46,0.024,0.024
,,0.001578,4.206,0.46,0.028,0.028
,,0.00158,4.208,0.42,0.028,0.028
,,0.001582,4.21,0.4,0.028,0.028
,,0.001584,4.212,0.38,0.028,0.028
,,0.001586,4.214,0.38,0.024,0.024
,,0.001588,4.216,0.38,0.024,0.024
,,0.00159,4.218,0.36,0.024,0.024
,,0.001592,4.22,0.32,0.024,0.024
,,0.001594,4.222,0.3,0.028,0.028
,,0.001596,4.224,0.3,0.028,0.028
,,0.001598,4.226,0.28,0.028,0.028
,,0.0016,4.228,0.26,0.028,0.028
,,0.001602,4.23,0.22,0.028,0.028
,,0.001604,4.232,0.22,0.028,0.028
,,0.001606,4.234,0.18,0.028,0.028
,,0.001608,4.236,0.16,0.024,0.024
,,0.00161,4.238,0.12,0.028,0.028
,,0.001612,4.24,0.1,0.024,0.024
,,0.001614,4.242,0.1,0.024,0.024
,,0.001616,4.244,0.08,0.024,0.024
,,0.001618,4.246,0.04,0.024,0.024
,,0.00162,4.248,0,0.024,0.024
,,0.001622,4.25,-0.02,0.024,0.024
,,0.001624,4.252,-0.04,0.024,0.024
,,0.001626,4.254,-0.06,0.028,0.028
,,0.001628,4.256,-0.1,0.024,0.024
,,0.00163,4.258,-0.1,0.024,0.024
,,0.001632,4.26,-0.16,0.028,0.028
,,0.001634,4.262,-0.16,0.02,0.02
,,0.001636,4.264,-0.2,0.024,0.024
,,0.001638,4.266,-0.2,0.028,0.028
,,0.00164,4.268,-0.2,0.024,0.024
,,0.001642,4.27,-0.24,0.024,0.024
,,0.001644,4.272,-0.28,0.028,0.028
,,0.001646,4.274,-0.28,0.028,0.028
,,0.001648,4.276,-0.32,0.028,0.028
,,0.00165,4.278,-0.34,0.028,0.028
,,0.001652,4.28,-0.36,0.024,0.024
,,0.001654,4.282,-0.38,0.024,0.024
,,0.001656,4.284,-0.42,0.024,0.024
,,0.001658,4.286,-0.42,0.024,0.024
,,0.00166,4.288,-0.42,0.028,0.028
,,0.001662,4.29,-0.44,0.028,0.028
,,0.001664,4.292,-0.46,0.02,0.02
,,0.001666,4.294,-0.48,0.024,0.024
,,0.001668,4.296,-0.46,0.024,0.024
,,0.00167,4.298,-0.48,0.02,0.02
,,0.001672,4.3,-0.52,0.024,0.024
,,0.001674,4.302,-0.52,0.028,0.028
,,0.001676,4.304,-0.52,0.02,0.02
,,0.001678,4.306,-0.56,0.024,0.024
,,0.00168,4.308,-0.54,0.024,0.024
,,0.001682,4.31,-0.54,0.024,0.024
,,0.001684,4.312,-0.56,0.024,0.024
,,0.001686,4.314,-0.56,0.024,0.024
,,0.001688,4.316,-0.54,0.02,0.02
,,0.00169,4.318,-0.54,0.024,0.024
,,0.001692,4.32,-0.54,0.024,0.024
,,0.001694,4.322,-0.54,0.024,0.024
,,0.001696,4.324,-0.54,0.024,0.024
,,0.001698,4.326,-0.52,0.024,0.024
,,0.0017,4.328,-0.5,0.024,0.024
,,0.001702,4.33,-0.52,0.024,0.024
,,0.001704,4.332,-0.52,0.02,0.02
,,0.001706,4.334,-0.52,0.02,0.02
,,0.001708,4.336,-0.5,0.024,0.024
,,0.00171,4.338,-0.46,0.02,0.02
,,0.001712,4.34,-0.46,0.02,0.02
,,0.001714,4.342,-0.44,0.02,0.02
,,0.001716,4.344,-0.42,0.02,0.02
,,0.001718,4.346,-0.42,0.028,0.028
,,0.00172,4.348,-0.4,0.024,0.024
,,0.001722,4.35,-0.4,0.02,0.02
,,0.001724,4.352,-0.38,0.024,0.024
,,0.001726,4.354,-0.34,0.02,0.02
,,0.001728,4.356,-0.34,0.024,0.024
,,0.00173,4.358,-0.32,0.024,0.024
,,0.001732,4.36,-0.28,0.024,0.024
,,0.001734,4.362,-0.26,0.02,0.02
,,0.001736,4.364,-0.22,0.02,0.02
,,0.001738,4.366,-0.22,0.02,0.02
,,0.00174,4.368,-0.18,0.024,0.024
,,0.001742,4.37,-0.16,0.02,0.02
,,0.001744,4.372,-0.14,0.02,0.02
,,0.001746,4.374,-0.1,0.02,0.02
,,0.001748,4.376,-0.08,0.02,0.02
,,0.00175,4.378,-0.08,0.02,0.02
,,0.001752,4.38,-0.04,0.02,0.02
,,0.001754,4.382,-0.02,0.02,0.02
,,0.001756,4.384,0,0.024,0.024
,,0.001758,4.386,0.02,0.02,0.02
,,0.00176,4.388,0.04,0.02,0.02
,,0.001762,4.39,0.08,0.024,0.024
,,0.001764,4.392,0.1,0.02,0.02
,,0.001766,4.394,0.12,0.02,0.02
,,0.001768,4.396,0.16,0.02,0.02
,,0.00177,4.398,0.16,0.024,0.024
,,0.001772,4.4,0.2,0.02,0.02
,,0.001774,4.402,0.22,0.02,0.02
,,0.001776,4.404,0.26,0.02,0.02
,,0.001778,4.406,0.28,0.02,0.02
,,0.00178,4.408,0.28,0.024,0.024
,,0.001782,4.41,0.3,0.02,0.02
,,0.001784,4.412,0.32,0.02,0.02
,,0.001786,4.414,0.36,0.02,0.02
,,0.001788,4.416,0.38,0.02,0.02
,,0.00179,4.418,0.36,0.02,0.02
,,0.001792,4.42,0.38,0.02,0.02
,,0.001794,4.422,0.42,0.02,0.02
,,0.001796,4.424,0.42,0.02,0.02
,,0.001798,4.426,0.42,0.02,0.02
,,0.0018,4.428,0.46,0.02,0.02
,,0.001802,4.43,0.46,0.02,0.02
,,0.001804,4.432,0.46,0.02,0.02
,,0.001806,4.434,0.48,0.016,0.016
,,0.001808,4.436,0.5,0.024,0.024
,,0.00181,4.438,0.5,0.02,0.02
,,0.001812,4.44,0.5,0.02,0.02
,,0.001814,4.442,0.5,0.02,0.02
,,0.001816,4.444,0.5,0.016,0.016
,,0.001818,4.446,0.5,0.016,0.016
,,0.00182,4.448,0.5,0.016,0.016
,,0.001822,4.45,0.52,0.02,0.02
,,0.001824,4.452,0.52,0.02,0.02
,,0.001826,4.454,0.5,0.012,0.012
,,0.001828,4.456,0.5,0.02,0.02
,,0.00183,4.458,0.5,0.016,0.016
,,0.001832,4.46,0.48,0.02,0.02
,,0.001834,4.462,0.46,0.02,0.02
,,0.001836,4.464,0.46,0.02,0.02
,,0.001838,4.466,0.46,0.016,0.016
,,0.00184,4.468,0.46,0.016,0.016
,,0.001842,4.47,0.44,0.016,0.016
,,0.001844,4.472,0.42,0.016,0.016
,,0.001846,4.474,0.42,0.016,0.016
,,0.001848,4.476,0.38,0.016,0.016
,,0.00185,4.478,0.36,0.016,0.016
,,0.001852,4.48,0.36,0.02,0.02
,,0.001854,4.482,0.36,0.02,0.02
,,0.001856,4.484,0.34,0.02,0.02
,,0.001858,4.486,0.3,0.016,0.016
,,0.00186,4.488,0.28,0.016,0.016
,,0.001862,4.49,0.28,0.016,0.016
,,0.001864,4.492,0.24,0.012,0.012
,,0.001866,4.494,0.22,0.02,0.02
,,0.001868,4.496,0.2,0.012,0.012
,,0.00187,4.498,0.16,0.016,0.016
,,0.001872,4.5,0.14,0.016,0.016
,,0.001874,4.502,0.12,0.016,0.016
,,0.001876,4.504,0.1,0.016,0.016
,,0.001878,4.506,0.06,0.016,0.016
,,0.00188,4.508,0.04,0.012,0.012
,,0.001882,4.51,0.02,0.016,0.016
,,0.001884,4.512,0,0.012,0.012
,,0.001886,4.514,-0.02,0.012,0.012
,,0.001888,4.516,-0.04,0.016,0.016
,,0.00189,4.518,-0.06,0.012,0.012
,,0.001892,4.52,-0.08,0.016,0.016
,,0.001894,4.522,-0.14,0.016,0.016
,,0.001896,4.524,-0.16,0.016,0.016
,,0.001898,4.526,-0.18,0.012,0.012
,,0.0019,4.528,-0.2,0.016,0.016
,,0.001902,4.53,-0.22,0.016,0.016
,,0.001904,4.532,-0.22,0.012,0.012
,,0.001906,4.534,-0.28,0.02,0.02
,,0.001908,4.536,-0.3,0.016,0.016
,,0.00191,4.538,-0.32,0.012,0.012
,,0.001912,4.54,-0.34,0.012,0.012
,,0.001914,4.542,-0.34,0.012,0.012
,,0.001916,4.544,-0.36,0.008,0.008
,,0.001918,4.546,-0.38,0.012,0.012
,,0.00192,4.548,-0.42,0.012,0.012
,,0.001922,4.55,-0.42,0.008,0.008
,,0.001924,4.552,-0.44,0.008,0.008
,,0.001926,4.554,-0.44,0.016,0.016
,,0.001928,4.556,-0.44,0.008,0.008
,,0.00193,4.558,-0.5,0.016,0.016
,,0.001932,4.56,-0.5,0.012,0.012
,,0.001934,4.562,-0.52,0.012,0.012
,,0.001936,4.564,-0.5,0.008,0.008
,,0.001938,4.566,-0.52,0.008,0.008
,,0.00194,4.568,-0.58,0.012,0.012
,,0.001942,4.57,-0.56,0.012,0.012
,,0.001944,4.572,-0.54,0.012,0.012
,,0.001946,4.574,-0.54,0.012,0.012
,,0.001948,4.576,-0.54,0.016,0.016
,,0.00195,4.578,-0.54,0.008,0.008
,,0.001952,4.58,-0.54,0.008,0.008
,,0.001954,4.582,-0.54,0.008,0.008
,,0.001956,4.584,-0.54,0.012,0.012
,,0.001958,4.586,-0.56,0.012,0.012
,,0.00196,4.588,-0.52,0.012,0.012
,,0.001962,4.59,-0.52,0.004,0.004
,,0.001964,4.592,-0.52,0.012,0.012
,,0.001966,4.594,-0.5,0.008,0.008
,,0.001968,4.596,-0.48,0.012,0.012
,,0.00197,4.598,-0.48,0.008,0.008
,,0.001972,4.6,-0.48,0.008,0.008
,,0.001974,4.602,-0.48,0.012,0.012
,,0.001976,4.604,-0.46,0.012,0.012
,,0.001978,4.606,-0.44,0.004,0.004
,,0.00198,4.608,-0.42,0.004,0.004
,,0.001982,4.61,-0.38,0.008,0.008
,,0.001984,4.612,-0.38,0.008,0.008
,,0.001986,4.614,-0.38,0.008,0.008
,,0.001988,4.616,-0.34,0.008,0.008
,,0.00199,4.618,-0.34,0.008,0.008
,,0.001992,4.62,-0.34,0.008,0.008
,,0.001994,4.622,-0.3,0.004,0.004
,,0.001996,4.624,-0.28,0.004,0.004
,,0.001998,4.626,-0.26,0.004,0.004
,,0.002,4.628,-0.22,0.008,0.008
,,0.002002,4.63,-0.22,0.008,0.008
,,0.002004,4.632,-0.18,0.004,0.004
,,0.002006,4.634,-0.16,0.004,0.004
,,0.002008,4.636,-0.14,0.008,0.008
,,0.00201,4.638,-0.12,0.008,0.008
,,0.002012,4.64,-0.08,0.004,0.004
,,0.002014,4.642,-0.06,0.008,0.008
,,0.002016,4.644,-0.04,0.004,0.004
,,0.002018,4.646,0.02,0.004,0.004
,,0.00202,4.648,0.02,0.008,0.008
,,0.002022,4.65,0.04,0.008,0.008
,,0.002024,4.652,0.06,0.004,0.004
,,0.002026,4.654,0.1,0.004,0.004
,,0.002028,4.656,0.14,0.004,0.004
,,0.00203,4.658,0.14,0.004,0.004
,,0.002032,4.66,0.16,0.008,0.008
,,0.002034,4.662,0.18,0.004,0.004
,,0.002036,4.664,0.22,0.004,0.004
,,0.002038,4.666,0.22,0.004,0.004
,,0.00204,4.668,0.24,0.004,0.004
,,0.002042,4.67,0.26,0.004,0.004
,,0.002044,4.672,0.28,0.008,0.008
,,0.002046,4.674,0.3,0,0
,,0.002048,4.676,0.34,0.004,0.004
,,0.00205,4.678,0.36,0.004,0.004
,,0.002052,4.68,0.36,0.004,0.004
,,0.002054,4.682,0.38,0.004,0.004
,,0.002056,4.684,0.38,0,0
,,0.002058,4.686,0.42,0.004,0.004
,,0.00206,4.688,0.44,0.004,0.004
,,0.002062,4.69,0.44,0,0
,,0.002064,4.692,0.46,0.004,0.004
,,0.002066,4.694,0.46,0.004,0.004
,,0.002068,4.696,0.48,0.004,0.004
,,0.00207,4.698,0.5,0.004,0.004
,,0.002072,4.7,0.5,0.004,0.004
,,0.002074,4.702,0.5,0.004,0.004
,,0.002076,4.704,0.52,0,0
,,0.002078,4.706,0.5,0.004,0.004
,,0.00208,4.708,0.5,0,0
,,0.002082,4.71,0.5,0,0
,,0.002084,4.712,0.52,0,0
,,0.002086,4.714,0.5,0,0
,,0.002088,4.716,0.5,0.004,0.004
,,0.00209,4.718,0.5,0,0
,,0.002092,4.72,0.48,-0.004,-0.004
,,0.002094,4.722,0.5,0,0
,,0.002096,4.724,0.5,0.004,0.004
,,0.002098,4.726,0.48,0.004,0.004
,,0.0021,4.728,0.48,0,0
,,0.002102,4.73,0.48,0.004,0.004
,,0.002104,4.732,0.44,0,0
,,0.002106,4.734,0.46,0,0
,,0.002108,4.736,0.42,-0.004,-0.004
,,0.00211,4.738,0.38,0,0
,,0.002112,4.74,0.38,-0.004,-0.004
,,0.002114,4.742,0.36,0.004,0.004
,,0.002116,4.744,0.36,-0.004,-0.004
,,0.002118,4.746,0.34,0,0
,,0.00212,4.748,0.32,0,0
,,0.002122,4.75,0.32,-0.004,-0.004
,,0.002124,4.752,0.28,-0.004,-0.004
,,0.002126,4.754,0.24,-0.004,-0.004
,,0.002128,4.756,0.24,-0.004,-0.004
,,0.00213,4.758,0.2,-0.004,-0.004
,,0.002132,4.76,0.18,-0.004,-0.004
,,0.002134,4.762,0.16,-0.004,-0.004
,,0.002136,4.764,0.14,-0.004,-0.004
,,0.002138,4.766,0.12,-0.004,-0.004
,,0.00214,4.768,0.08,-0.004,-0.004
,,0.002142,4.77,0.06,-0.004,-0.004
,,0.002144,4.772,0.04,0,0
,,0.002146,4.774,0.02,-0.004,-0.004
,,0.002148,4.776,0,-0.008,-0.008
,,0.00215,4.778,-0.04,-0.008,-0.008
,,0.002152,4.78,-0.04,-0.004,-0.004
,,0.002154,4.782,-0.08,-0.004,-0.004
,,0.002156,4.784,-0.12,-0.004,-0.004
,,0.002158,4.786,-0.12,-0.004,-0.004
,,0.00216,4.788,-0.16,-0.004,-0.004
,,0.002162,4.79,-0.18,-0.008,-0.008
,,0.002164,4.792,-0.2,-0.008,-0.008
,,0.002166,4.794,-0.22,-0.004,-0.004
,,0.002168,4.796,-0.26,-0.008,-0.008
,,0.00217,4.798,-0.28,-0.008,-0.008
,,0.002172,4.8,-0.28,-0.008,-0.008
,,0.002174,4.802,-0.32,-0.008,-0.008
,,0.002176,4.804,-0.34,-0.008,-0.008
,,0.002178,4.806,-0.36,-0.008,-0.008
,,0.00218,4.808,-0.38,-0.008,-0.008
,,0.002182,4.81,-0.4,-0.004,-0.004
,,0.002184,4.812,-0.4,-0.008,-0.008
,,0.002186,4.814,-0.42,-0.008,-0.008
,,0.002188,4.816,-0.44,-0.008,-0.008
,,0.00219,4.818,-0.46,-0.008,-0.008
,,0.002192,4.82,-0.46,-0.008,-0.008
,,0.002194,4.822,-0.48,-0.004,-0.004
,,0.002196,4.824,-0.5,-0.008,-0.008
,,0.002198,4.826,-0.52,-0.008,-0.008
,,0.0022,4.828,-0.52,-0.008,-0.008
,,0.002202,4.83,-0.54,-0.008,-0.008
,,0.002204,4.832,-0.54,-0.008,-0.008
,,0.002206,4.834,-0.56,-0.008,-0.008
,,0.002208,4.836,-0.54,-0.012,-0.012
,,0.00221,4.838,-0.54,-0.008,-0.008
,,0.002212,4.84,-0.56,-0.008,-0.008
,,0.002214,4.842,-0.54,-0.008,-0.008
,,0.002216,4.844,-0.56,-0.008,-0.008
,,0.002218,4.846,-0.56,-0.012,-0.012
,,0.00222,4.848,-0.56,-0.008,-0.008
,,0.002222,4.85,-0.54,-0.012,-0.012
,,0.002224,4.852,-0.54,-0.012,-0.012
,,0.002226,4.854,-0.52,-0.008,-0.008
,,0.002228,4.856,-0.52,-0.008,-0.008
,,0.00223,4.858,-0.52,-0.012,-0.012
,,0.002232,4.86,-0.5,-0.012,-0.012
,,0.002234,4.862,-0.48,-0.008,-0.008
,,0.002236,4.864,-0.48,-0.008,-0.008
,,0.002238,4.866,-0.44,-0.012,-0.012
,,0.00224,4.868,-0.44,-0.012,-0.012
,,0.002242,4.87,-0.44,-0.008,-0.008
,,0.002244,4.872,-0.42,-0.016,-0.016
,,0.002246,4.874,-0.42,-0.008,-0.008
,,0.002248,4.876,-0.4,-0.012,-0.012
,,0.00225,4.878,-0.36,-0.012,-0.012
,,0.002252,4.88,-0.34,-0.008,-0.008
,,0.002254,4.882,-0.34,-0.012,-0.012
,,0.002256,4.884,-0.3,-0.008,-0.008
,,0.002258,4.886,-0.28,-0.016,-0.016
,,0.00226,4.888,-0.26,-0.012,-0.012
,,0.002262,4.89,-0.26,-0.012,-0.012
,,0.002264,4.892,-0.2,-0.016,-0.016
,,0.002266,4.894,-0.2,-0.012,-0.012
,,0.002268,4.896,-0.16,-0.008,-0.008
,,0.00227,4.898,-0.14,-0.012,-0.012
,,0.002272,4.9,-0.12,-0.012,-0.012
,,0.002274,4.902,-0.08,-0.016,-0.016
,,0.002276,4.904,-0.08,-0.016,-0.016
,,0.002278,4.906,-0.08,-0.012,-0.012
,,0.00228,4.908,-0.02,-0.016,-0.016
,,0.002282,4.91,0,-0.012,-0.012
,,0.002284,4.912,0.04,-0.016,-0.016
,,0.002286,4.914,0.06,-0.012,-0.012
,,0.002288,4.916,0.08,-0.016,-0.016
,,0.00229,4.918,0.1,-0.016,-0.016
,,0.002292,4.92,0.12,-0.02,-0.02
,,0.002294,4.922,0.16,-0.016,-0.016
,,0.002296,4.924,0.18,-0.016,-0.016
,,0.002298,4.926,0.22,-0.016,-0.016
,,0.0023,4.928,0.22,-0.02,-0.02
,,0.002302,4.93,0.24,-0.02,-0.02
,,0.002304,4.932,0.24,-0.024,-0.024
,,0.002306,4.934,0.28,-0.016,-0.016
,,0.002308,4.936,0.3,-0.016,-0.016
,,0.00231,4.938,0.34,-0.024,-0.024
,,0.002312,4.94,0.34,-0.02,-0.02
,,0.002314,4.942,0.36,-0.02,-0.02
,,0.002316,4.944,0.38,-0.02,-0.02
,,0.002318,4.946,0.38,-0.02,-0.02
,,0.00232,4.948,0.42,-0.02,-0.02
,,0.002322,4.95,0.42,-0.02,-0.02
,,0.002324,4.952,0.42,-0.024,-0.024
,,0.002326,4.954,0.42,-0.02,-0.02
,,0.002328,4.956,0.46,-0.024,-0.024
,,0.00233,4.958,0.46,-0.02,-0.02
,,0.002332,4.96,0.46,-0.02,-0.02
,,0.002334,4.962,0.5,-0.024,-0.024
,,0.002336,4.964,0.5,-0.024,-0.024
,,0.002338,4.966,0.52,-0.024,-0.024
,,0.00234,4.968,0.5,-0.024,-0.024
,,0.002342,4.97,0.5,-0.024,-0.024
,,0.002344,4.972,0.5,-0.024,-0.024
,,0.002346,4.974,0.5,-0.02,-0.02
,,0.002348,4.976,0.5,-0.024,-0.024
,,0.00235,4.978,0.5,-0.02,-0.02
,,0.002352,4.98,0.5,-0.02,-0.02
,,0.002354,4.982,0.48,-0.024,-0.024
,,0.002356,4.984,0.5,-0.024,-0.024
,,0.002358,4.986,0.48,-0.02,-0.02
,,0.00236,4.988,0.48,-0.024,-0.024
,,0.002362,4.99,0.44,-0.024,-0.024
,,0.002364,4.992,0.46,-0.02,-0.02
,,0.002366,4.994,0.44,-0.024,-0.024
,,0.002368,4.996,0.42,-0.02,-0.02
,,0.00237,4.998,0.44,-0.024,-0.024
